ISO Code,Year,overall_score
AFG,2013,0.39598935010131225
AFG,2014,0.3989114865658247
AFG,2015,0.40064723532787944
AFG,2016,0.4039146617088991
AFG,2017,0.4541097621733567
AFG,2018,0.5048010209177336
AFG,2019,0.45941853100214425
AFG,2020,0.4526913705841504
AFG,2021,0.45095760761100795
AFG,2022,0.5243528704107678
AFG,2023,0.4975965605054289
AGO,2013,0.6236295677884612
AGO,2014,0.6365330194810956
AGO,2015,0.6387535179336896
AGO,2016,0.6408258493396414
AGO,2017,0.6304654486502063
AGO,2018,0.6322815727108926
AGO,2019,0.6319786797500161
AGO,2020,0.6328291665719685
AGO,2021,0.6302886201448424
AGO,2022,0.6815334324567544
AGO,2023,0.6827282028660987
ALB,2013,0.7247864795021004
ALB,2014,0.7330566816204724
ALB,2015,0.7367602450923427
ALB,2016,0.7463673188309898
ALB,2017,0.7951000847184055
ALB,2018,0.7961057716135131
ALB,2019,0.8030236212575181
ALB,2020,0.8011159364068081
ALB,2021,0.8232914561728478
ALB,2022,0.827124111132296
ALB,2023,0.8286056027394214
ARE,2013,0.44083013695901563
ARE,2014,0.4415657187552656
ARE,2015,0.46172776980804286
ARE,2016,0.4623218323962146
ARE,2017,0.4627193275936937
ARE,2018,0.463229672713224
ARE,2019,0.5871206188506748
ARE,2020,0.7332148324786443
ARE,2021,0.8434075682479625
ARE,2022,0.845929742151079
ARE,2023,0.850130527053139
ARG,2013,0.7153810677496104
ARG,2014,0.7162873741902965
ARG,2015,0.784139928903884
ARG,2016,0.7158473894002583
ARG,2017,0.7268382479754074
ARG,2018,0.7321398315772586
ARG,2019,0.7555198939981902
ARG,2020,0.7600612633615822
ARG,2021,0.7712773639081856
ARG,2022,0.7924067659242888
ARG,2023,0.7893258751902825
ARM,2013,0.6730275465587588
ARM,2014,0.6738900604512998
ARM,2015,0.6742341637940129
ARM,2016,0.6745772259515855
ARM,2017,0.7054863158694489
ARM,2018,0.7070081916364743
ARM,2019,0.7425306762567647
ARM,2020,0.7391357595290602
ARM,2021,0.7762704441189636
ARM,2022,0.8004830901248297
ARM,2023,0.8059770517434266
ATG,2013,0.5930951478618076
ATG,2014,0.5951045780234884
ATG,2015,0.5943911856034706
ATG,2016,0.5960237398860538
ATG,2017,0.5960520438707837
ATG,2018,0.59714094951904
ATG,2019,0.5958942371106983
ATG,2020,0.594985335435375
ATG,2021,0.5951321959158462
ATG,2022,0.5957366037811931
ATG,2023,0.5869184355940775
AUS,2013,0.7950884076976381
AUS,2014,0.8083815463369659
AUS,2015,0.8115416453766247
AUS,2016,0.8355291770658061
AUS,2017,0.8358164379283901
AUS,2018,0.8365507457924807
AUS,2019,0.8441703048703971
AUS,2020,0.845099341829055
AUS,2021,0.8481420769747418
AUS,2022,0.8766355318733683
AUS,2023,0.8763852836403374
AUT,2013,0.8246097488472588
AUT,2014,0.8209712792374817
AUT,2015,0.8139466014198339
AUT,2016,0.8305405851464964
AUT,2017,0.8456514174098759
AUT,2018,0.8461614883696866
AUT,2019,0.8658788648776512
AUT,2020,0.8648019301806493
AUT,2021,0.881848740589671
AUT,2022,0.8840294380967236
AUT,2023,0.884817625196548
AZE,2013,0.6557525124178274
AZE,2014,0.6555220570181328
AZE,2015,0.6621476085552676
AZE,2016,0.6630821810316376
AZE,2017,0.6654682867825465
AZE,2018,0.66719254225341
AZE,2019,0.6684635973794815
AZE,2020,0.6675757206617823
AZE,2021,0.6724193052785227
AZE,2022,0.6795248808688422
AZE,2023,0.682188608699843
BDI,2013,0.6386425029932539
BDI,2014,0.6416147337013671
BDI,2015,0.6665437161261821
BDI,2016,0.6694903688978293
BDI,2017,0.6719851703821293
BDI,2018,0.6739631723933373
BDI,2019,0.6755687362389726
BDI,2020,0.6843144469909844
BDI,2021,0.6834789017961433
BDI,2022,0.7021970687801411
BDI,2023,0.7046806563040011
BEL,2013,0.8857995311423844
BEL,2014,0.8925412339657012
BEL,2015,0.8919403568909249
BEL,2016,0.8930956602874732
BEL,2017,0.8879290360300983
BEL,2018,0.8881519686132668
BEL,2019,0.904753563040757
BEL,2020,0.8997535949824536
BEL,2021,0.9046539216213952
BEL,2022,0.906764856738975
BEL,2023,0.9085630661544516
BEN,2013,0.5455744135727114
BEN,2014,0.5458566756685388
BEN,2015,0.5413499821860935
BEN,2016,0.5421474433037501
BEN,2017,0.5443454855881062
BEN,2018,0.5462164824516658
BEN,2019,0.548565491822051
BEN,2020,0.5500295804751861
BEN,2021,0.5693413441097825
BEN,2022,0.5843716914639034
BEN,2023,0.6774559136084319
BFA,2013,0.5840589935212813
BFA,2014,0.6667954524291917
BFA,2015,0.5650974052292004
BFA,2016,0.5680945838626799
BFA,2017,0.5774541187364974
BFA,2018,0.5803803054321066
BFA,2019,0.6213237536206453
BFA,2020,0.5936586793259188
BFA,2021,0.5925214221759642
BFA,2022,0.6373726116072662
BFA,2023,0.6416830080591075
BGD,2013,0.49838953992598295
BGD,2014,0.5039239763581662
BGD,2015,0.5069449177835301
BGD,2016,0.5088819546033954
BGD,2017,0.513304345073184
BGD,2018,0.5152492991201032
BGD,2019,0.5183514383878114
BGD,2020,0.517575862853795
BGD,2021,0.5159879167086227
BGD,2022,0.5254313529524772
BGD,2023,0.5267122466423473
BGR,2013,0.7644813440282328
BGR,2014,0.7458613908596012
BGR,2015,0.7486883737753672
BGR,2016,0.7495125681062607
BGR,2017,0.7624361793019742
BGR,2018,0.76255035036214
BGR,2019,0.7709920812056099
BGR,2020,0.7716023597493815
BGR,2021,0.7561718972896225
BGR,2022,0.7624530023013191
BGR,2023,0.7658277016001591
BHR,2013,0.4291971860879333
BHR,2014,0.43575795698418995
BHR,2015,0.43616880167975813
BHR,2016,0.4366182820494873
BHR,2017,0.44954520943899273
BHR,2018,0.4794696375740809
BHR,2019,0.4928828152118888
BHR,2020,0.5226614889574732
BHR,2021,0.5666566746060734
BHR,2022,0.6390452601842143
BHR,2023,0.6548657784874703
BHS,2013,0.6709412468949995
BHS,2014,0.671466678997096
BHS,2015,0.6717997550752692
BHS,2016,0.673185714636777
BHS,2017,0.6724985456408801
BHS,2018,0.6725829649081319
BHS,2019,0.66670205738413
BHS,2020,0.6709854411838018
BHS,2021,0.6830987649368541
BHS,2022,0.6940768694163725
BHS,2023,0.6944193380451527
BIH,2013,0.7229654213657373
BIH,2014,0.7229915652017649
BIH,2015,0.7227834572617335
BIH,2016,0.7225789031013453
BIH,2017,0.7539606596217359
BIH,2018,0.7557467576433654
BIH,2019,0.7388442308984186
BIH,2020,0.7551768360917803
BIH,2021,0.7518973729744671
BIH,2022,0.7197265808035691
BIH,2023,0.7304124208891989
BLR,2013,0.6887765836049202
BLR,2014,0.6904524054445786
BLR,2015,0.7076543048480857
BLR,2016,0.7372297463804391
BLR,2017,0.7386219846466815
BLR,2018,0.7393629411071646
BLR,2019,0.7610004136681233
BLR,2020,0.757223204677947
BLR,2021,0.7569960378579845
BLR,2022,0.7609843417808165
BLR,2023,0.7615678805003672
BLZ,2013,0.6050589805274879
BLZ,2014,0.6057474882621454
BLZ,2015,0.6063853481263958
BLZ,2016,0.6064437188917218
BLZ,2017,0.6312856637840946
BLZ,2018,0.6310010391201095
BLZ,2019,0.6336715997031752
BLZ,2020,0.6341263980612499
BLZ,2021,0.6437796943814723
BLZ,2022,0.6473152606828447
BLZ,2023,0.6632188518283504
BOL,2013,0.6206589819862067
BOL,2014,0.7740263006242365
BOL,2015,0.7751182110841571
BOL,2016,0.8354247075187772
BOL,2017,0.8361831836475081
BOL,2018,0.8369594063149963
BOL,2019,0.8376041802866437
BOL,2020,0.8007786267549956
BOL,2021,0.7958918717098529
BOL,2022,0.8107068419803121
BOL,2023,0.8136399506789167
BRA,2013,0.6478541529886118
BRA,2014,0.6537377852970832
BRA,2015,0.6547380379454542
BRA,2016,0.6559056462524069
BRA,2017,0.6602117064651023
BRA,2018,0.6781940264848096
BRA,2019,0.679424892672063
BRA,2020,0.6757165091174949
BRA,2021,0.6900804760654276
BRA,2022,0.7052495343343332
BRA,2023,0.7077291587106431
BRB,2013,0.6312714328968458
BRB,2014,0.6316147149634959
BRB,2015,0.6319402559621039
BRB,2016,0.6322014086606563
BRB,2017,0.6322111759132912
BRB,2018,0.6454689559702804
BRB,2019,0.6769164390921495
BRB,2020,0.6770901329190884
BRB,2021,0.6927554663226141
BRB,2022,0.7176555004916709
BRB,2023,0.7187473442314785
BRN,2013,0.7096692156867006
BRN,2014,0.710519511770582
BRN,2015,0.7111147015741794
BRN,2016,0.5139967889338107
BRN,2017,0.524611428166144
BRN,2018,0.5247739549825183
BRN,2019,0.5250044887866101
BRN,2020,0.5254980544302656
BRN,2021,0.5248582381840414
BRN,2022,0.5191908508504547
BRN,2023,0.5366100001897134
BTN,2013,0.5957090912528186
BTN,2014,0.6183889140227005
BTN,2015,0.6200904213179411
BTN,2016,0.6217633870810564
BTN,2017,0.623537539595113
BTN,2018,0.6499634848076645
BTN,2019,0.6510785775117633
BTN,2020,0.6514315961824162
BTN,2021,0.6598549415568928
BTN,2022,0.6620687349678729
BTN,2023,0.6625978965590205
BWA,2013,0.5242728196642703
BWA,2014,0.5327943510119353
BWA,2015,0.5369193765482589
BWA,2016,0.542704266634241
BWA,2017,0.5474122048867207
BWA,2018,0.5458779486112748
BWA,2019,0.5516781181678764
BWA,2020,0.5532006066236042
BWA,2021,0.542009921670957
BWA,2022,0.5559513100126345
BWA,2023,0.5557311147122103
CAF,2013,0.5516296309606792
CAF,2014,0.5267610966040526
CAF,2015,0.5702944429523941
CAF,2016,0.5065375787616362
CAF,2017,0.497648401820071
CAF,2018,0.5171147507435105
CAF,2019,0.45286595828107046
CAF,2020,0.4992827688102549
CAF,2021,0.5051155369476519
CAF,2022,0.47587836807807926
CAF,2023,0.5506583729072374
CAN,2013,0.8212139893162456
CAN,2014,0.8231492603955848
CAN,2015,0.8272848440008816
CAN,2016,0.8278491071643009
CAN,2017,0.8288661587074597
CAN,2018,0.831755460469874
CAN,2019,0.8407060611786767
CAN,2020,0.8521732441182477
CAN,2021,0.8583737855252519
CAN,2022,0.8577947222533007
CAN,2023,0.859369388683219
CHE,2013,0.791777344150159
CHE,2014,0.792635373111632
CHE,2015,0.7960507666000949
CHE,2016,0.7971373492013256
CHE,2017,0.7992028178702176
CHE,2018,0.799544475391081
CHE,2019,0.8351942061011477
CHE,2020,0.8338090336077404
CHE,2021,0.8392262221566325
CHE,2022,0.8474007169235103
CHE,2023,0.8363796911553985
CHL,2013,0.6698755275671955
CHL,2014,0.6715250492893345
CHL,2015,0.6737581924601566
CHL,2016,0.6762846671480429
CHL,2017,0.8463746839041106
CHL,2018,0.7066864354225606
CHL,2019,0.707859046996284
CHL,2020,0.7079577353235147
CHL,2021,0.7722282375030838
CHL,2022,0.7727303833076204
CHL,2023,0.7765452498563052
CHN,2013,0.6964847591364058
CHN,2014,0.6970624587143184
CHN,2015,0.6989190642343196
CHN,2016,0.6994906369539056
CHN,2017,0.7023893689181122
CHN,2018,0.7062838006472544
CHN,2019,0.7070137843312727
CHN,2020,0.7078998596627069
CHN,2021,0.7081192186393286
CHN,2022,0.7087119188179858
CHN,2023,0.7271905933868399
CIV,2013,0.5205411475096897
CIV,2014,0.578486756424046
CIV,2015,0.5794907710955084
CIV,2016,0.5823424178992499
CIV,2017,0.5919439526726702
CIV,2018,0.5951236202301693
CIV,2019,0.583805808375869
CIV,2020,0.6103063008858842
CIV,2021,0.62173339519768
CIV,2022,0.6266819868098996
CIV,2023,0.6873112510856489
CMR,2013,0.512770029882307
CMR,2014,0.5152865214508671
CMR,2015,0.5174603646556674
CMR,2016,0.5196805249868316
CMR,2017,0.5217025571361557
CMR,2018,0.5706696957583975
CMR,2019,0.5731323129874479
CMR,2020,0.5857790711127275
CMR,2021,0.5843805172905037
CMR,2022,0.5899297939786163
CMR,2023,0.593639125767131
COD,2013,0.3798523649692068
COD,2014,0.3884814451693313
COD,2015,0.3842106391267214
COD,2016,0.3865797560064971
COD,2017,0.419260926100988
COD,2018,0.5270598027110933
COD,2019,0.5326233765150561
COD,2020,0.5883396898361481
COD,2021,0.5872782262360277
COD,2022,0.5914346249878736
COD,2023,0.5946897219398086
COG,2013,0.4261660256567486
COG,2014,0.4280680320158211
COG,2015,0.42985131261924
COG,2016,0.4317392291970637
COG,2017,0.44824345825797385
COG,2018,0.4494334445321539
COG,2019,0.44775880294179465
COG,2020,0.4506561840573251
COG,2021,0.44834516876266733
COG,2022,0.46571875316239786
COG,2023,0.5114683734636487
COL,2013,0.6430502003876009
COL,2014,0.6749079820084071
COL,2015,0.6764934031565231
COL,2016,0.6778490909311286
COL,2017,0.673807291599464
COL,2018,0.6879373133616662
COL,2019,0.6909440367743849
COL,2020,0.6855763522801432
COL,2021,0.6819898516074274
COL,2022,0.7439149624124162
COL,2023,0.7468186832285212
COM,2013,0.40396760403857657
COM,2014,0.4684097670867674
COM,2015,0.470187857202856
COM,2016,0.5157909071995498
COM,2017,0.5291691806371832
COM,2018,0.5302934179921504
COM,2019,0.5313115872019327
COM,2020,0.5737120513992725
COM,2021,0.5722723812879495
COM,2022,0.5762125007062483
COM,2023,0.5774256732582461
CPV,2013,0.7167169461290681
CPV,2014,0.7180333238987819
CPV,2015,0.71947613824199
CPV,2016,0.7306727657419142
CPV,2017,0.7320762212318475
CPV,2018,0.7341781509547258
CPV,2019,0.7372303531075449
CPV,2020,0.741730804100813
CPV,2021,0.7969660223763211
CPV,2022,0.8001213048683243
CPV,2023,0.8113552446293004
CRI,2013,0.7682895025078242
CRI,2014,0.7482701297248348
CRI,2015,0.7499358628173278
CRI,2016,0.7500170976467606
CRI,2017,0.7576448333544041
CRI,2018,0.7999939240715574
CRI,2019,0.8026178444257662
CRI,2020,0.8201875573487681
CRI,2021,0.8342214916975987
CRI,2022,0.8443770270530017
CRI,2023,0.8752693836548384
CYP,2013,0.7243618766575695
CYP,2014,0.7313137815616426
CYP,2015,0.7315226014033576
CYP,2016,0.7523693366237527
CYP,2017,0.7521974645695967
CYP,2018,0.751890319040141
CYP,2019,0.7642201427112196
CYP,2020,0.7681489137769375
CYP,2021,0.7455550632926152
CYP,2022,0.7623211482294534
CYP,2023,0.7660154408226549
CZE,2013,0.7638650842557593
CZE,2014,0.7652318743183171
CZE,2015,0.7666548944474181
CZE,2016,0.7675909250739261
CZE,2017,0.7753358246262361
CZE,2018,0.7756950402016833
CZE,2019,0.7908477055633716
CZE,2020,0.7892992635228624
CZE,2021,0.7976620460500035
CZE,2022,0.8030331221340451
CZE,2023,0.8071832381118637
DEU,2013,0.8637428722696205
DEU,2014,0.8648762837943569
DEU,2015,0.8638894415459691
DEU,2016,0.864266852667638
DEU,2017,0.8421209109842269
DEU,2018,0.8421514538867905
DEU,2019,0.8592804058292176
DEU,2020,0.8601530496221872
DEU,2021,0.874519709985626
DEU,2022,0.87427991588035
DEU,2023,0.8753200609299742
DJI,2013,0.5503715787922977
DJI,2014,0.551478658585792
DJI,2015,0.5525732356217694
DJI,2016,0.5539179810089843
DJI,2017,0.5471885639172335
DJI,2018,0.6084883704848889
DJI,2019,0.6218042439660868
DJI,2020,0.6530259542091148
DJI,2021,0.6512201578467474
DJI,2022,0.6563380716871202
DJI,2023,0.6577350420155254
DMA,2013,0.5666732323915699
DMA,2014,0.5685981896112761
DMA,2015,0.6014082930261853
DMA,2016,0.6055428827498395
DMA,2017,0.6127828846023698
DMA,2018,0.6189631333442069
DMA,2019,0.6190234652439548
DMA,2020,0.6557018705454082
DMA,2021,0.6508516086993239
DMA,2022,0.6561771324927272
DMA,2023,0.6688001556806972
DNK,2013,0.8902533853419559
DNK,2014,0.8911518793980503
DNK,2015,0.8845824989483375
DNK,2016,0.8848517366924168
DNK,2017,0.8855713626675066
DNK,2018,0.8853818267185124
DNK,2019,0.8931805098228333
DNK,2020,0.8957456716460082
DNK,2021,0.8951979196060271
DNK,2022,0.9104910961805764
DNK,2023,0.9116890679834545
DOM,2013,0.664626403322649
DOM,2014,0.665538331365887
DOM,2015,0.6656266843663332
DOM,2016,0.7190265562064484
DOM,2017,0.7207437810593121
DOM,2018,0.7345753533167716
DOM,2019,0.7351894088001422
DOM,2020,0.7418050899496973
DOM,2021,0.739481665230225
DOM,2022,0.7461349419293842
DOM,2023,0.7450239600199172
DZA,2013,0.6194934477222769
DZA,2014,0.6198772142121742
DZA,2015,0.6202285355132061
DZA,2016,0.6204896031864728
DZA,2017,0.610615878248771
DZA,2018,0.611147290601108
DZA,2019,0.611217807054878
DZA,2020,0.6060841984174528
DZA,2021,0.5412358838571176
DZA,2022,0.5437124477935886
DZA,2023,0.5431435194855578
ECU,2013,0.7729869495974617
ECU,2014,0.7860799180145579
ECU,2015,0.7865593302327514
ECU,2016,0.7878356892217646
ECU,2017,0.7991549933793913
ECU,2018,0.8018947737296679
ECU,2019,0.8035303167080263
ECU,2020,0.801031276707052
ECU,2021,0.8031437998497568
ECU,2022,0.8087248024157105
ECU,2023,0.8283377840880013
EGY,2013,0.5892563563688501
EGY,2014,0.5906339425133406
EGY,2015,0.5916119505708264
EGY,2016,0.48409030371461814
EGY,2017,0.4849205398132885
EGY,2018,0.48748573024465763
EGY,2019,0.489035480547703
EGY,2020,0.5348022841486841
EGY,2021,0.5343025920255702
EGY,2022,0.5669356177080245
EGY,2023,0.5681933460977933
ERI,2013,0.6008700570871641
ERI,2014,0.6022729969538662
ERI,2015,0.6036355774130188
ERI,2016,0.6051228394887523
ERI,2017,0.6068931567603228
ERI,2018,0.6086717404252037
ERI,2019,0.6101860034464943
ERI,2020,0.7022205631345189
ERI,2021,0.7017959785413556
ERI,2022,0.7083180542255805
ERI,2023,0.7126348418616304
ESP,2013,0.8704427491047605
ESP,2014,0.8853385147831727
ESP,2015,0.8902175217968428
ESP,2016,0.8835967674330922
ESP,2017,0.883476706148838
ESP,2018,0.8840480839389089
ESP,2019,0.9039905676601641
ESP,2020,0.9011013588084054
ESP,2021,0.9010095280773391
ESP,2022,0.9113849543093827
ESP,2023,0.9180201173793631
EST,2013,0.7669410768331864
EST,2014,0.7602388326094065
EST,2015,0.780646114175735
EST,2016,0.7813005349903952
EST,2017,0.7942168615329308
EST,2018,0.8258903370976438
EST,2019,0.8384815697473633
EST,2020,0.8349367001804053
EST,2021,0.8204008744946227
EST,2022,0.8225139095816634
EST,2023,0.8357365938240129
ETH,2013,0.6254060334336732
ETH,2014,0.6291687035142315
ETH,2015,0.6763152385647964
ETH,2016,0.6796276449343934
ETH,2017,0.683013422551926
ETH,2018,0.6853024545644472
ETH,2019,0.6874425219304316
ETH,2020,0.6893857426995365
ETH,2021,0.7440058429189877
ETH,2022,0.7447718303060487
ETH,2023,0.7457676276832221
FIN,2013,0.8921170237592835
FIN,2014,0.8924163673584853
FIN,2015,0.8893968952995681
FIN,2016,0.8896211608317459
FIN,2017,0.8920500041952761
FIN,2018,0.8923438684385183
FIN,2019,0.9125904185134784
FIN,2020,0.9086689508579364
FIN,2021,0.9084819229735455
FIN,2022,0.9052617445053642
FIN,2023,0.9083210063233458
FJI,2013,0.7690991144898291
FJI,2014,0.6281186644286745
FJI,2015,0.6375672821500391
FJI,2016,0.6379043487345627
FJI,2017,0.6393808430677945
FJI,2018,0.65289980921758
FJI,2019,0.6528812794171501
FJI,2020,0.6782503073957267
FJI,2021,0.6960918704696577
FJI,2022,0.6942199922868377
FJI,2023,0.6604938545229644
FRA,2013,0.8328346271238283
FRA,2014,0.8312038645154938
FRA,2015,0.8305666893498511
FRA,2016,0.8312085648574514
FRA,2017,0.8815921466586729
FRA,2018,0.896799439404463
FRA,2019,0.8975798918413838
FRA,2020,0.8958401046288705
FRA,2021,0.8964061240044096
FRA,2022,0.8873210085999151
FRA,2023,0.891130845024577
FSM,2013,0.4807738271947239
FSM,2014,0.48135193398048576
FSM,2015,0.4812746332259867
FSM,2016,0.48215004358377167
FSM,2017,0.48264358028558807
FSM,2018,0.4837160527597524
FSM,2019,0.4975805522044873
FSM,2020,0.4979064904257583
FSM,2021,0.5263247051965836
FSM,2022,0.5284382310413418
FSM,2023,0.5577070921024726
GAB,2013,0.48320144351773076
GAB,2014,0.4806152353127489
GAB,2015,0.48006732043728045
GAB,2016,0.48212628108937083
GAB,2017,0.4955609427594511
GAB,2018,0.6341126111850259
GAB,2019,0.531685508201792
GAB,2020,0.5190418174045363
GAB,2021,0.522855993368777
GAB,2022,0.6477828496667342
GAB,2023,0.7471819883832366
GBR,2013,0.7964488274453008
GBR,2014,0.7982008899120749
GBR,2015,0.8244019419109119
GBR,2016,0.8383251085818402
GBR,2017,0.8483235700951202
GBR,2018,0.84923781767657
GBR,2019,0.8492545672547731
GBR,2020,0.8549423151636226
GBR,2021,0.8575430014224936
GBR,2022,0.8594286488974854
GBR,2023,0.860281831477202
GEO,2013,0.6538443466335382
GEO,2014,0.6524675467091052
GEO,2015,0.651252192618875
GEO,2016,0.6709697397698402
GEO,2017,0.6739025681290485
GEO,2018,0.6765194984589432
GEO,2019,0.6732125733862904
GEO,2020,0.7269255503745353
GEO,2021,0.717032165488432
GEO,2022,0.7366517437797886
GEO,2023,0.7348572438319444
GHA,2013,0.5841978687651088
GHA,2014,0.5858976777101519
GHA,2015,0.586860410649897
GHA,2016,0.5887903054497102
GHA,2017,0.5977488118079743
GHA,2018,0.5992877318270455
GHA,2019,0.602780085174078
GHA,2020,0.603773019773227
GHA,2021,0.6096755307237531
GHA,2022,0.6128993160768578
GHA,2023,0.6138445988131719
GIN,2013,0.4781398482565565
GIN,2014,0.44416010536031103
GIN,2015,0.5091544320059447
GIN,2016,0.5126078668726315
GIN,2017,0.514126779532745
GIN,2018,0.5312532572113112
GIN,2019,0.5357114316104552
GIN,2020,0.5691434162269253
GIN,2021,0.6398364399852147
GIN,2022,0.6245516525104109
GIN,2023,0.625986914505273
GMB,2013,0.5146335428204494
GMB,2014,0.5260678427734412
GMB,2015,0.5422880628074488
GMB,2016,0.5461716425005025
GMB,2017,0.5526669611436346
GMB,2018,0.5550994531768636
GMB,2019,0.5574310934872748
GMB,2020,0.5521949233514791
GMB,2021,0.5507104724276983
GMB,2022,0.5552213977277872
GMB,2023,0.5579508345021084
GNB,2013,0.37702845571771293
GNB,2014,0.3800165504108717
GNB,2015,0.39619457633528266
GNB,2016,0.39920001158746965
GNB,2017,0.40239924425888074
GNB,2018,0.40442863526411155
GNB,2019,0.405410108508202
GNB,2020,0.40424727526356247
GNB,2021,0.4046373252521516
GNB,2022,0.41182851534505077
GNB,2023,0.45845655497044824
GNQ,2013,0.40924660376112776
GNQ,2014,0.48589830913504756
GNQ,2015,0.48763736209542996
GNQ,2016,0.48956183143498533
GNQ,2017,0.5355476321577523
GNQ,2018,0.4779837511391479
GNQ,2019,0.48385547855029565
GNQ,2020,0.4848163075402917
GNQ,2021,0.49351054106425246
GNQ,2022,0.5279983386458511
GNQ,2023,0.5296408774092394
GRC,2013,0.8079231822125853
GRC,2014,0.8081180519413136
GRC,2015,0.8020564694105161
GRC,2016,0.8024652375632273
GRC,2017,0.7971552822858886
GRC,2018,0.7994752416987321
GRC,2019,0.8070385712085774
GRC,2020,0.8102793486601743
GRC,2021,0.8082546561670516
GRC,2022,0.8195722695224088
GRC,2023,0.8290556417280004
GRD,2013,0.7315810685958779
GRD,2014,0.7328341542314781
GRD,2015,0.7335077854567582
GRD,2016,0.7343052985134857
GRD,2017,0.7359904910356629
GRD,2018,0.7875324529546158
GRD,2019,0.7873421640675988
GRD,2020,0.8033269552715612
GRD,2021,0.8024048589916368
GRD,2022,0.7434345488428287
GRD,2023,0.7437408522715879
GTM,2013,0.6075399913532307
GTM,2014,0.6081525876950615
GTM,2015,0.6109471812186813
GTM,2016,0.6118195958005985
GTM,2017,0.6079709382064176
GTM,2018,0.6083555263511199
GTM,2019,0.6366318009135945
GTM,2020,0.6359792023425344
GTM,2021,0.6317073256472092
GTM,2022,0.6389967012721799
GTM,2023,0.6442906521932796
GUY,2013,0.7393060949442973
GUY,2014,0.7407600401586819
GUY,2015,0.7380990265098158
GUY,2016,0.7392703446609766
GUY,2017,0.7465188156421146
GUY,2018,0.7476840093111918
GUY,2019,0.7482403319900148
GUY,2020,0.7614888497768127
GUY,2021,0.751913800205027
GUY,2022,0.7659175330368244
GUY,2023,0.7720745454272424
HND,2013,0.708761358734068
HND,2014,0.6644773760761308
HND,2015,0.6656173676578403
HND,2016,0.6666860492281234
HND,2017,0.7578042173356702
HND,2018,0.6496188451645271
HND,2019,0.6501064561530658
HND,2020,0.6480812937154267
HND,2021,0.6688097254417086
HND,2022,0.676691875560127
HND,2023,0.6772801341527206
HRV,2013,0.7929774854750209
HRV,2014,0.7932177089837023
HRV,2015,0.7587141531536765
HRV,2016,0.7496796498419228
HRV,2017,0.7726236843541131
HRV,2018,0.7734982664655996
HRV,2019,0.7817516669682838
HRV,2020,0.8223052928725568
HRV,2021,0.8199416395464497
HRV,2022,0.8251249890271877
HRV,2023,0.8271884659993498
HTI,2013,0.4804882444357329
HTI,2014,0.4819453212136572
HTI,2015,0.4833998967057713
HTI,2016,0.46768629209686274
HTI,2017,0.47926005644737596
HTI,2018,0.49233354951425223
HTI,2019,0.49346558267470186
HTI,2020,0.660287647893875
HTI,2021,0.6533182602577987
HTI,2022,0.66349002565502
HTI,2023,0.6682277429299337
HUN,2013,0.7262511378239191
HUN,2014,0.7309436696739696
HUN,2015,0.7305705637056328
HUN,2016,0.7313170116387658
HUN,2017,0.7309863064650088
HUN,2018,0.7417363605960724
HUN,2019,0.7423838099290943
HUN,2020,0.738526243614654
HUN,2021,0.7400938973517275
HUN,2022,0.7483402783934134
HUN,2023,0.7504643435874195
IDN,2013,0.5890988884898771
IDN,2014,0.5844126038334558
IDN,2015,0.5866232629031815
IDN,2016,0.5882059342557311
IDN,2017,0.6004776006689745
IDN,2018,0.6016811744121171
IDN,2019,0.5935423346470274
IDN,2020,0.6021525925323478
IDN,2021,0.6005067879896155
IDN,2022,0.6136681229231653
IDN,2023,0.6443990907469084
IND,2013,0.5722459586408285
IND,2014,0.5773008407543667
IND,2015,0.5841242154480863
IND,2016,0.5863818051799345
IND,2017,0.5864931672394553
IND,2018,0.5998798512903412
IND,2019,0.6266028637433504
IND,2020,0.6257357487596484
IND,2021,0.6308196363950277
IND,2022,0.6437553934666587
IND,2023,0.6459458396763399
IRL,2013,0.7727432849216691
IRL,2014,0.7739006113335132
IRL,2015,0.7764406795225685
IRL,2016,0.8001906466191879
IRL,2017,0.8012626257069573
IRL,2018,0.8140694501792491
IRL,2019,0.8153866359622298
IRL,2020,0.8161945896934242
IRL,2021,0.8284865132033798
IRL,2022,0.8313573516044883
IRL,2023,0.8321207850380604
IRN,2013,0.37057325618314635
IRN,2014,0.3713025015194703
IRN,2015,0.38475902180716975
IRN,2016,0.39661440642804563
IRN,2017,0.3974679392180335
IRN,2018,0.39871451276034664
IRN,2019,0.4004126717928489
IRN,2020,0.3944065058597617
IRN,2021,0.393050367590493
IRN,2022,0.4001493544031292
IRN,2023,0.40196734468844386
IRQ,2013,0.4487372557967567
IRQ,2014,0.45156244551462
IRQ,2015,0.45902679420834114
IRQ,2016,0.4597104355832139
IRQ,2017,0.5174228534672315
IRQ,2018,0.5195625950674578
IRQ,2019,0.5204600733120156
IRQ,2020,0.5239071460789062
IRQ,2021,0.5344772803699123
IRQ,2022,0.5382356222930818
IRQ,2023,0.5551438375558339
ISL,2013,0.8783161433542805
ISL,2014,0.8800237848561844
ISL,2015,0.8854192702043028
ISL,2016,0.9106976193424742
ISL,2017,0.8898457194205632
ISL,2018,0.8903792523043831
ISL,2019,0.891028072210238
ISL,2020,0.8906962084655986
ISL,2021,0.9284919002932557
ISL,2022,0.9265493182324265
ISL,2023,0.9281177480713146
ISR,2013,0.729361970166588
ISR,2014,0.7297272492820437
ISR,2015,0.746116359008103
ISR,2016,0.7466797090880732
ISR,2017,0.7506179117621432
ISR,2018,0.751279566290341
ISR,2019,0.7350823007899935
ISR,2020,0.7515704231787856
ISR,2021,0.7545548949772201
ISR,2022,0.7353381553678078
ISR,2023,0.7399810748251903
ITA,2013,0.8113254123001462
ITA,2014,0.8246942378253443
ITA,2015,0.8342790282312448
ITA,2016,0.8357481497520671
ITA,2017,0.8352083132825515
ITA,2018,0.8547940507930013
ITA,2019,0.87078991178084
ITA,2020,0.8684866746411377
ITA,2021,0.8694338332416236
ITA,2022,0.8556968622432441
ITA,2023,0.8578117580798821
JAM,2013,0.5620879415690383
JAM,2014,0.5624489994462234
JAM,2015,0.563024876634143
JAM,2016,0.6134338319856079
JAM,2017,0.6138521012254645
JAM,2018,0.6140159086262924
JAM,2019,0.6137844174586335
JAM,2020,0.6573796052553007
JAM,2021,0.6504152763742598
JAM,2022,0.6569204927432717
JAM,2023,0.6573269739190966
JOR,2013,0.42091515511522287
JOR,2014,0.42147833524026745
JOR,2015,0.4231165758194035
JOR,2016,0.4380145699806085
JOR,2017,0.4398738523689724
JOR,2018,0.44152359998427976
JOR,2019,0.44288760615910594
JOR,2020,0.4697104051787245
JOR,2021,0.4971922613444119
JOR,2022,0.5074888886177759
JOR,2023,0.5092180934744993
JPN,2013,0.6694406630987249
JPN,2014,0.6699082076749736
JPN,2015,0.6756450332267412
JPN,2016,0.6760695618021376
JPN,2017,0.6788993631558784
JPN,2018,0.6791734817443913
JPN,2019,0.6795403696218569
JPN,2020,0.6792695435461733
JPN,2021,0.6783234626255286
JPN,2022,0.6784134109891156
JPN,2023,0.6802987827719048
KAZ,2013,0.668063003396731
KAZ,2014,0.6726368909088322
KAZ,2015,0.6787062231540324
KAZ,2016,0.6844403918335157
KAZ,2017,0.6707812435625349
KAZ,2018,0.6719934799800544
KAZ,2019,0.6729823573862574
KAZ,2020,0.6682067992417298
KAZ,2021,0.665649709818791
KAZ,2022,0.6749708529349201
KAZ,2023,0.6726420336664825
KEN,2013,0.6132945514326292
KEN,2014,0.6337860461794165
KEN,2015,0.6519234393658446
KEN,2016,0.6554944675063106
KEN,2017,0.6788165168876042
KEN,2018,0.6796107864645936
KEN,2019,0.6811000325632226
KEN,2020,0.6801608506905279
KEN,2021,0.678571000440036
KEN,2022,0.6918735487539109
KEN,2023,0.6919667290754751
KGZ,2013,0.6795256358341332
KGZ,2014,0.6794893352946809
KGZ,2015,0.6647948661144005
KGZ,2016,0.6666261335950407
KGZ,2017,0.6685570791857705
KGZ,2018,0.6684479098995358
KGZ,2019,0.6689749704295147
KGZ,2020,0.6603113119885413
KGZ,2021,0.6763467407471004
KGZ,2022,0.677923726254344
KGZ,2023,0.6767790088656804
KHM,2013,0.6455696198032246
KHM,2014,0.6469152539331204
KHM,2015,0.6480162800970277
KHM,2016,0.649119117607976
KHM,2017,0.6499449655762511
KHM,2018,0.649398559980798
KHM,2019,0.650043756972619
KHM,2020,0.6500594102879943
KHM,2021,0.6541295802434984
KHM,2022,0.6859939687465615
KHM,2023,0.6588980520005021
KIR,2013,0.5175227680670114
KIR,2014,0.5177645336144455
KIR,2015,0.5178486721804297
KIR,2016,0.5218326066662772
KIR,2017,0.5967022270641789
KIR,2018,0.5968630883977173
KIR,2019,0.5971239296737981
KIR,2020,0.6058260107809028
KIR,2021,0.5940524483629561
KIR,2022,0.5999467109897711
KIR,2023,0.6009691514905794
KNA,2013,0.5878822259589483
KNA,2014,0.5881263698681141
KNA,2015,0.6147675522206051
KNA,2016,0.614931062892873
KNA,2017,0.6150476617223075
KNA,2018,0.6150303144595377
KNA,2019,0.6157790547635626
KNA,2020,0.6611937552509037
KNA,2021,0.6566499349857466
KNA,2022,0.6840484669418087
KNA,2023,0.6886587278850484
KOR,2013,0.7271836500161736
KOR,2014,0.7305900224575398
KOR,2015,0.731159842280368
KOR,2016,0.7342618021714582
KOR,2017,0.7350044265511507
KOR,2018,0.7350239805535148
KOR,2019,0.7349555200922449
KOR,2020,0.7442677135131149
KOR,2021,0.7448115742034191
KOR,2022,0.7571505936516103
KOR,2023,0.7604366323743137
KWT,2013,0.4027974673017849
KWT,2014,0.3853443632781477
KWT,2015,0.3860690881444978
KWT,2016,0.38876745861499373
KWT,2017,0.39359135257707767
KWT,2018,0.39426241740184925
KWT,2019,0.40386424255327874
KWT,2020,0.3889941101610516
KWT,2021,0.3802267210158822
KWT,2022,0.4517580278851269
KWT,2023,0.4443341021312458
LAO,2013,0.6867636751045808
LAO,2014,0.6894828151367856
LAO,2015,0.6998709826498823
LAO,2016,0.7111865561530042
LAO,2017,0.712212700097401
LAO,2018,0.7130168481522131
LAO,2019,0.7139967675466339
LAO,2020,0.7187552612533816
LAO,2021,0.6954541218989894
LAO,2022,0.6980634551036192
LAO,2023,0.6991080254960593
LBN,2013,0.487912446578866
LBN,2014,0.48809329448998345
LBN,2015,0.4883091125567968
LBN,2016,0.5008771299979249
LBN,2017,0.5008104103023205
LBN,2018,0.5070444818263671
LBN,2019,0.5070495199029019
LBN,2020,0.5035602373885245
LBN,2021,0.4979324272834495
LBN,2022,0.5443722016361231
LBN,2023,0.5441658533829556
LBR,2013,0.4845643345994415
LBR,2014,0.48039747980924474
LBR,2015,0.4815424020879302
LBR,2016,0.4883309857908633
LBR,2017,0.559974090869613
LBR,2018,0.5705777047974355
LBR,2019,0.5847155612903647
LBR,2020,0.5863790045360922
LBR,2021,0.5811006238707885
LBR,2022,0.584421038269056
LBR,2023,0.5855421293320016
LBY,2013,0.533202803677818
LBY,2014,0.5299435380829034
LBY,2015,0.530598028133203
LBY,2016,0.5311124067014829
LBY,2017,0.5326157308398114
LBY,2018,0.5334940092608806
LBY,2019,0.5334338815307405
LBY,2020,0.532253365666516
LBY,2021,0.5302375860838514
LBY,2022,0.5381681815012221
LBY,2023,0.5268316464206175
LCA,2013,0.6935987310970678
LCA,2014,0.6940110597642732
LCA,2015,0.6951770069025619
LCA,2016,0.6952419035810506
LCA,2017,0.6960853337883308
LCA,2018,0.6969724283083096
LCA,2019,0.6967828125912554
LCA,2020,0.6974667815101362
LCA,2021,0.6677094623586964
LCA,2022,0.6761869172386793
LCA,2023,0.676608623699261
LKA,2013,0.5613502010756226
LKA,2014,0.5623849834575161
LKA,2015,0.5597057792567597
LKA,2016,0.5636279325054533
LKA,2017,0.5639362959674971
LKA,2018,0.5645323597949619
LKA,2019,0.5631574276726745
LKA,2020,0.563669013248237
LKA,2021,0.5621354662944943
LKA,2022,0.5643617797054805
LKA,2023,0.5773331524176682
LSO,2013,0.6127344226812257
LSO,2014,0.6216664025449296
LSO,2015,0.6220357902613147
LSO,2016,0.6261919376557503
LSO,2017,0.6191866570047747
LSO,2018,0.6212693322796262
LSO,2019,0.6292380497328227
LSO,2020,0.6276184357154762
LSO,2021,0.6244641056507811
LSO,2022,0.6458887937744968
LSO,2023,0.6473346856424198
LTU,2013,0.7877553677018059
LTU,2014,0.789024037605649
LTU,2015,0.7855019607884113
LTU,2016,0.7781625986586981
LTU,2017,0.7796709286463758
LTU,2018,0.7804014606821069
LTU,2019,0.781874186259883
LTU,2020,0.8026063562427641
LTU,2021,0.803689878974825
LTU,2022,0.809464938788972
LTU,2023,0.8124627509070035
LUX,2013,0.8374549482352864
LUX,2014,0.8392863192447868
LUX,2015,0.8389456291511994
LUX,2016,0.8526615080890876
LUX,2017,0.8511556752623202
LUX,2018,0.8191585673532273
LUX,2019,0.8396009022731717
LUX,2020,0.8584002462357143
LUX,2021,0.8788272519199161
LUX,2022,0.8728808670226873
LUX,2023,0.8729608833245401
LVA,2013,0.7995451022801113
LVA,2014,0.7807164461473715
LVA,2015,0.7939963424011243
LVA,2016,0.7948837028689972
LVA,2017,0.7876486246234669
LVA,2018,0.8472727966061967
LVA,2019,0.844419722097953
LVA,2020,0.8446817817222719
LVA,2021,0.8361687415472241
LVA,2022,0.8435880589208744
LVA,2023,0.8548490468989525
MAR,2013,0.6402299422199638
MAR,2014,0.6415623434660164
MAR,2015,0.6426170545424271
MAR,2016,0.657466828826806
MAR,2017,0.6586803857536689
MAR,2018,0.6597653683576896
MAR,2019,0.6731954447690436
MAR,2020,0.6716046358656707
MAR,2021,0.6805078465161905
MAR,2022,0.6898562802220061
MAR,2023,0.6913791468777537
MDA,2013,0.697661337557375
MDA,2014,0.6881753073403005
MDA,2015,0.7031496191162137
MDA,2016,0.7033840134188908
MDA,2017,0.7087680839220856
MDA,2018,0.721394265751655
MDA,2019,0.7494928679516835
MDA,2020,0.7452697625482978
MDA,2021,0.8022285653735792
MDA,2022,0.8126135855474037
MDA,2023,0.803637025300697
MDG,2013,0.512271273164857
MDG,2014,0.5244400568032933
MDG,2015,0.5563773690741105
MDG,2016,0.5567869221330584
MDG,2017,0.5513792423585997
MDG,2018,0.5514811265743782
MDG,2019,0.5386571196365899
MDG,2020,0.5461786091970853
MDG,2021,0.5580535558666462
MDG,2022,0.5633105235510418
MDG,2023,0.5647799800373526
MDV,2013,0.5741683374909979
MDV,2014,0.5728680761476432
MDV,2015,0.6053670217492817
MDV,2016,0.6063823669357087
MDV,2017,0.6074703725069396
MDV,2018,0.6241022802609705
MDV,2019,0.6200624828940526
MDV,2020,0.6178561688083835
MDV,2021,0.6162221902369367
MDV,2022,0.6226647927889297
MDV,2023,0.6233471126262092
MEX,2013,0.7310036748512965
MEX,2014,0.7753683289525537
MEX,2015,0.812297152022221
MEX,2016,0.8134915137807168
MEX,2017,0.8147044104403393
MEX,2018,0.8372133850162831
MEX,2019,0.8377827934612349
MEX,2020,0.8303072708190966
MEX,2021,0.8345353371743753
MEX,2022,0.8445649143132907
MEX,2023,0.8468758443755364
MHL,2013,0.46888393099377246
MHL,2014,0.46968385632637955
MHL,2015,0.49469630009510146
MHL,2016,0.49516460283532554
MHL,2017,0.4954719979208362
MHL,2018,0.4963788686365277
MHL,2019,0.48523934434659766
MHL,2020,0.48442878021458363
MHL,2021,0.5301782306842284
MHL,2022,0.5338573706368176
MHL,2023,0.5585178993306936
MKD,2013,0.7684963199567495
MKD,2014,0.7652800202478092
MKD,2015,0.7655541737606036
MKD,2016,0.7783388240421614
MKD,2017,0.7958911409592062
MKD,2018,0.800775627862095
MKD,2019,0.803924888609761
MKD,2020,0.7998778486358535
MKD,2021,0.8076501343637046
MKD,2022,0.810727059003896
MKD,2023,0.8162549540468529
MLI,2013,0.5061912929353417
MLI,2014,0.4288037726035057
MLI,2015,0.4282879419043971
MLI,2016,0.43051757399692997
MLI,2017,0.4325314675355325
MLI,2018,0.4353105458377118
MLI,2019,0.48831268316127663
MLI,2020,0.5607249193489443
MLI,2021,0.5587687809172212
MLI,2022,0.5677538903137729
MLI,2023,0.5695212999105316
MLT,2013,0.704866065953583
MLT,2014,0.7056647181910118
MLT,2015,0.7000074426937599
MLT,2016,0.7318009631172879
MLT,2017,0.7286418250434538
MLT,2018,0.7283536270566671
MLT,2019,0.7407165399012234
MLT,2020,0.7343602341386842
MLT,2021,0.7343750315172661
MLT,2022,0.7916933124328576
MLT,2023,0.8059754675104696
MMR,2013,0.4809541349724926
MMR,2014,0.5052873874290154
MMR,2015,0.533863121258132
MMR,2016,0.5239289332984242
MMR,2017,0.5256676220472988
MMR,2018,0.5266845012726857
MMR,2019,0.5319550981840054
MMR,2020,0.5538497843598802
MMR,2021,0.5447877981159381
MMR,2022,0.6829214434137201
MMR,2023,0.6849003712204541
MNE,2013,0.6681358201546908
MNE,2014,0.6886217586147609
MNE,2015,0.688757865332752
MNE,2016,0.7135271544924122
MNE,2017,0.7141518550897309
MNE,2018,0.7165315549636477
MNE,2019,0.7335070290672181
MNE,2020,0.707684645925226
MNE,2021,0.744907253805835
MNE,2022,0.7587458161695508
MNE,2023,0.7377080673573839
MNG,2013,0.6677791732397963
MNG,2014,0.669043420377831
MNG,2015,0.6677103277288636
MNG,2016,0.6761360564124854
MNG,2017,0.6770623725814711
MNG,2018,0.6904968813617428
MNG,2019,0.7047122319463668
MNG,2020,0.7063928764011942
MNG,2021,0.706682923996383
MNG,2022,0.7086201169477602
MNG,2023,0.7373713200706947
MOZ,2013,0.6789695951728532
MOZ,2014,0.6556867273342601
MOZ,2015,0.6834021550723399
MOZ,2016,0.6860013314138147
MOZ,2017,0.6886553007951345
MOZ,2018,0.6917683263776858
MOZ,2019,0.7164288559841614
MOZ,2020,0.7228374933359858
MOZ,2021,0.7193876726041051
MOZ,2022,0.7280178277529986
MOZ,2023,0.7331931710175605
MRT,2013,0.5251275944607545
MRT,2014,0.4672878631062126
MRT,2015,0.46868207137986473
MRT,2016,0.5013101243020667
MRT,2017,0.5023269589825079
MRT,2018,0.4846025366489614
MRT,2019,0.4859723866146267
MRT,2020,0.4854654932454684
MRT,2021,0.48519968430305893
MRT,2022,0.49016432428422063
MRT,2023,0.5030800734282889
MUS,2013,0.7091810404017812
MUS,2014,0.7100139523217003
MUS,2015,0.6980440654151078
MUS,2016,0.6979353715498076
MUS,2017,0.7103530758249463
MUS,2018,0.7102927643753106
MUS,2019,0.7431025944277959
MUS,2020,0.7434804855928305
MUS,2021,0.7422873957176929
MUS,2022,0.7431478605980795
MUS,2023,0.7427568758121674
MWI,2013,0.5712609144972636
MWI,2014,0.5849945473803879
MWI,2015,0.5881777455884181
MWI,2016,0.6050532275416097
MWI,2017,0.6082026919201927
MWI,2018,0.6105632940024766
MWI,2019,0.6369544162871036
MWI,2020,0.6383129638162639
MWI,2021,0.6369835456575157
MWI,2022,0.6415393275953988
MWI,2023,0.6488633865763348
MYS,2013,0.5147917361731552
MYS,2014,0.5147372395950973
MYS,2015,0.5150267393729292
MYS,2016,0.5156502873374197
MYS,2017,0.5163028460752535
MYS,2018,0.5307483608548538
MYS,2019,0.5332690477133016
MYS,2020,0.5355873870429286
MYS,2021,0.531132908734163
MYS,2022,0.5296166571322811
MYS,2023,0.5321242092956251
NAM,2013,0.6511344176685754
NAM,2014,0.7179714838050631
NAM,2015,0.7255331881688468
NAM,2016,0.7297365073239115
NAM,2017,0.733109511442348
NAM,2018,0.7546160121122278
NAM,2019,0.7444027811233154
NAM,2020,0.7496466932078939
NAM,2021,0.7433846274173889
NAM,2022,0.7552515335360426
NAM,2023,0.7612918221199152
NER,2013,0.43338717217766837
NER,2014,0.43643918366862183
NER,2015,0.43833617991388985
NER,2016,0.4454991078136935
NER,2017,0.45823221221966687
NER,2018,0.4615326431083975
NER,2019,0.4805135300508523
NER,2020,0.4828417571823205
NER,2021,0.5180968471814004
NER,2022,0.5214706913003158
NER,2023,0.5447065051586257
NGA,2013,0.4372549914501232
NGA,2014,0.43856523610980086
NGA,2015,0.4366260006344275
NGA,2016,0.440237781403254
NGA,2017,0.4432237695323188
NGA,2018,0.4460827668355144
NGA,2019,0.4405605192233723
NGA,2020,0.4580619636385443
NGA,2021,0.4454900325795714
NGA,2022,0.4638588324502669
NGA,2023,0.46690281199850947
NIC,2013,0.7059389869051862
NIC,2014,0.7152201051546114
NIC,2015,0.7272061009567427
NIC,2016,0.7983815087269082
NIC,2017,0.7992332862694658
NIC,2018,0.800931427614445
NIC,2019,0.7966431463739299
NIC,2020,0.8017569559639853
NIC,2021,0.8129425199511193
NIC,2022,0.8271143744006652
NIC,2023,0.8282842758517601
NLD,2013,0.8653007826851059
NLD,2014,0.8661067353658397
NLD,2015,0.8605633769158818
NLD,2016,0.8731852442441594
NLD,2017,0.8684058467302268
NLD,2018,0.8685106631786792
NLD,2019,0.8508175238299023
NLD,2020,0.8574570848131736
NLD,2021,0.8808479027995364
NLD,2022,0.8865515656832972
NLD,2023,0.8970839178679229
NOR,2013,0.8790754036850457
NOR,2014,0.8800073094186365
NOR,2015,0.8803708914772029
NOR,2016,0.8806937422161483
NOR,2017,0.8882226197348184
NOR,2018,0.8887220428120262
NOR,2019,0.8869119569239851
NOR,2020,0.8898181101028231
NOR,2021,0.9035184330868691
NOR,2022,0.9024839182255026
NOR,2023,0.908257729257025
NPL,2013,0.5978071927058599
NPL,2014,0.5382692515100502
NPL,2015,0.5388912076758485
NPL,2016,0.5742066358859292
NPL,2017,0.5764070099234793
NPL,2018,0.5909653322351812
NPL,2019,0.6736040578089542
NPL,2020,0.7183613513776084
NPL,2021,0.716576910917172
NPL,2022,0.7226688220223678
NPL,2023,0.7234621306632179
NZL,2013,0.818455376056074
NZL,2014,0.8096743600715747
NZL,2015,0.8165538798396103
NZL,2016,0.8174171698731487
NZL,2017,0.8454127213403089
NZL,2018,0.8582291268087969
NZL,2019,0.868874011431618
NZL,2020,0.8990847367107666
NZL,2021,0.918161039637412
NZL,2022,0.9219741875947558
NZL,2023,0.9006061222017847
OMN,2013,0.39665520587136427
OMN,2014,0.39733644735170526
OMN,2015,0.3979748329517323
OMN,2016,0.3988156968110542
OMN,2017,0.3995089560826818
OMN,2018,0.4003457165903006
OMN,2019,0.4058463044511561
OMN,2020,0.40114973609359933
OMN,2021,0.3963866580578528
OMN,2022,0.418015986984866
OMN,2023,0.41334965006413454
PAK,2013,0.4873075737277743
PAK,2014,0.5010340680844083
PAK,2015,0.5016568170216076
PAK,2016,0.5029782291302638
PAK,2017,0.5039784540305333
PAK,2018,0.5191660076733466
PAK,2019,0.5326540382545237
PAK,2020,0.5308787349740633
PAK,2021,0.5462682130920635
PAK,2022,0.5521635165306802
PAK,2023,0.5688348561571873
PAN,2013,0.6021222857408479
PAN,2014,0.6459376868221245
PAN,2015,0.6590554922363125
PAN,2016,0.6609728043985553
PAN,2017,0.6622096644360436
PAN,2018,0.6771029959976737
PAN,2019,0.6905752923315692
PAN,2020,0.6934182541111842
PAN,2021,0.6965768266460158
PAN,2022,0.7015701066302273
PAN,2023,0.7023216762235502
PER,2013,0.7517886903383623
PER,2014,0.7568481655003387
PER,2015,0.7584721428890766
PER,2016,0.7806818252817821
PER,2017,0.7941833241904679
PER,2018,0.7947997354294445
PER,2019,0.8052544063648726
PER,2020,0.7873945317587001
PER,2021,0.8342438739174547
PER,2022,0.8454969422314963
PER,2023,0.8441147404623983
PHL,2013,0.6955564451234556
PHL,2014,0.6965897993231764
PHL,2015,0.6970614798956083
PHL,2016,0.7087337887843048
PHL,2017,0.7100775806825329
PHL,2018,0.7103975319541955
PHL,2019,0.7060078304360855
PHL,2020,0.707840304111379
PHL,2021,0.699881716301479
PHL,2022,0.7051190143220106
PHL,2023,0.7062177905213993
PLW,2013,0.4737471892801808
PLW,2014,0.48684870335045005
PLW,2015,0.48745259796313567
PLW,2016,0.5354969069240119
PLW,2017,0.5351323617619714
PLW,2018,0.5348816148675175
PLW,2019,0.5344958269346267
PLW,2020,0.5084381635168694
PLW,2021,0.508107759715559
PLW,2022,0.5082119707594236
PLW,2023,0.5099919831772215
PNG,2013,0.47393774356814095
PNG,2014,0.475875712626619
PNG,2015,0.49032873516358166
PNG,2016,0.4919096265060659
PNG,2017,0.4822750230812046
PNG,2018,0.48290421281605245
PNG,2019,0.4838721738445456
PNG,2020,0.4839566321726263
PNG,2021,0.4815519048753617
PNG,2022,0.4915438834920304
PNG,2023,0.49724256107098297
POL,2013,0.7472543063188035
POL,2014,0.7479673406194525
POL,2015,0.7599607613399211
POL,2016,0.760861642519191
POL,2017,0.7634115377757511
POL,2018,0.8103668430680925
POL,2019,0.8137669782571086
POL,2020,0.8115288197221648
POL,2021,0.808492417682501
POL,2022,0.8117803960723775
POL,2023,0.8185131424172584
PRI,2013,0.8542095385545599
PRI,2014,0.8562387780748147
PRI,2015,0.8624458627174438
PRI,2016,0.8644451946244038
PRI,2017,0.8623786232518229
PRI,2018,0.8743977778765704
PRI,2019,0.8769928305408268
PRI,2020,0.8739817766712048
PRI,2021,0.8837051080684679
PRI,2022,0.8828567251524098
PRI,2023,0.8935756491103225
PRT,2013,0.8468709693354497
PRT,2014,0.8480503458917037
PRT,2015,0.8618313536671214
PRT,2016,0.8619086486621657
PRT,2017,0.8624955289721631
PRT,2018,0.8623377141620912
PRT,2019,0.8782642624090722
PRT,2020,0.8953818930466708
PRT,2021,0.8956674514481235
PRT,2022,0.8838978954770934
PRT,2023,0.881701284002686
PRY,2013,0.7245637718826216
PRY,2014,0.7155096348525187
PRY,2015,0.7159142404200705
PRY,2016,0.7162657001172819
PRY,2017,0.7242101977557245
PRY,2018,0.7296163885545712
PRY,2019,0.7300940560652973
PRY,2020,0.7333582130972851
PRY,2021,0.7220656148410597
PRY,2022,0.7375414986202198
PRY,2023,0.7610808350219486
PSE,2013,0.5486963037858823
PSE,2014,0.5458237935472767
PSE,2015,0.5519013729724952
PSE,2016,0.5546384319965962
PSE,2017,0.5575903906818649
PSE,2018,0.619177935045725
PSE,2019,0.6218930006794738
PSE,2020,0.5608831561131993
PSE,2021,0.5565467925957425
PSE,2022,0.5686862252248467
PSE,2023,0.5328642873790392
QAT,2013,0.38129710208732887
QAT,2014,0.3824426300813733
QAT,2015,0.38335232487938425
QAT,2016,0.38450228953055665
QAT,2017,0.42360798867145144
QAT,2018,0.42443114440601076
QAT,2019,0.42517602966475415
QAT,2020,0.421201063744288
QAT,2021,0.4013983869252513
QAT,2022,0.4024414121851776
QAT,2023,0.403603160187145
ROU,2013,0.7229004979211502
ROU,2014,0.722930454416154
ROU,2015,0.7235528839273647
ROU,2016,0.7238899309263214
ROU,2017,0.7509605124749958
ROU,2018,0.7517987980242621
ROU,2019,0.7577078127887203
ROU,2020,0.7555491702148344
ROU,2021,0.7395791696226086
ROU,2022,0.7466539102558996
ROU,2023,0.7492460188767064
RUS,2013,0.6320337038004664
RUS,2014,0.6327087740887702
RUS,2015,0.6342222362625825
RUS,2016,0.6325338071605058
RUS,2017,0.6473578258209332
RUS,2018,0.6484857375125562
RUS,2019,0.6498238438546351
RUS,2020,0.6463787707269959
RUS,2021,0.6448876148883789
RUS,2022,0.6510103619684685
RUS,2023,0.6537049781147682
RWA,2013,0.7949137196062888
RWA,2014,0.7967974465141447
RWA,2015,0.7982101449276234
RWA,2016,0.8000775049523393
RWA,2017,0.7920325061983405
RWA,2018,0.8213548267710528
RWA,2019,0.8225151763651751
RWA,2020,0.8391456166011542
RWA,2021,0.8514564812508836
RWA,2022,0.8535687110929056
RWA,2023,0.8543485524051591
SAU,2013,0.4503798911024367
SAU,2014,0.4514682072527766
SAU,2015,0.4652927534543498
SAU,2016,0.46633137244729544
SAU,2017,0.46708999092873243
SAU,2018,0.46736913796724694
SAU,2019,0.4985411494794983
SAU,2020,0.6604713491416535
SAU,2021,0.7069393744100163
SAU,2022,0.7075930883258287
SAU,2023,0.6659428013381045
SDN,2013,0.4103191637032389
SDN,2014,0.4113187660159629
SDN,2015,0.43700013107954894
SDN,2016,0.4387273661081618
SDN,2017,0.44046808056495734
SDN,2018,0.4421508427640263
SDN,2019,0.5004993901687629
SDN,2020,0.4984686122856429
SDN,2021,0.5102418242656704
SDN,2022,0.5193286774773553
SDN,2023,0.5239959468247188
SEN,2013,0.6551904809913345
SEN,2014,0.660036676855483
SEN,2015,0.6592869989751361
SEN,2016,0.6607408877208567
SEN,2017,0.6598014829719663
SEN,2018,0.661934587586265
SEN,2019,0.6640625985973416
SEN,2020,0.6705449685195998
SEN,2021,0.6847893953550744
SEN,2022,0.6929934651998031
SEN,2023,0.7298780061211014
SGP,2013,0.6922893695055624
SGP,2014,0.6968532242844256
SGP,2015,0.7485597820087657
SGP,2016,0.7481175799635364
SGP,2017,0.7456838202607865
SGP,2018,0.7459603434207168
SGP,2019,0.7466889764874767
SGP,2020,0.7718134671721841
SGP,2021,0.7720850468340137
SGP,2022,0.7683993030026279
SGP,2023,0.7694562953580031
SLB,2013,0.46997763528682945
SLB,2014,0.46996789987562687
SLB,2015,0.4708992679991365
SLB,2016,0.4841830584684883
SLB,2017,0.48507875123016697
SLB,2018,0.48631140394635713
SLB,2019,0.49537265192228414
SLB,2020,0.503625134772024
SLB,2021,0.5082642818953833
SLB,2022,0.512410785625
SLB,2023,0.5130757614854352
SLE,2013,0.4768208076840965
SLE,2014,0.4778498798021013
SLE,2015,0.48676854978913586
SLE,2016,0.49505313899190656
SLE,2017,0.5002360187631992
SLE,2018,0.5068629557075255
SLE,2019,0.5096562199653013
SLE,2020,0.5123410366041394
SLE,2021,0.5460817226111411
SLE,2022,0.5659514337659524
SLE,2023,0.6304314683950509
SLV,2013,0.7193478973711465
SLV,2014,0.7241754678920267
SLV,2015,0.7552293587036883
SLV,2016,0.7567472459722646
SLV,2017,0.7706904215542623
SLV,2018,0.7676418342844875
SLV,2019,0.7681503104772407
SLV,2020,0.774855344311675
SLV,2021,0.7507344428928722
SLV,2022,0.7555629468864908
SLV,2023,0.7560045054854964
SMR,2013,0.7165814239701225
SMR,2014,0.7171126740530954
SMR,2015,0.7109520113690075
SMR,2016,0.7374936203520441
SMR,2017,0.750850982505572
SMR,2018,0.75111411299492
SMR,2019,0.744853827595549
SMR,2020,0.7719822437202344
SMR,2021,0.7732663654393154
SMR,2022,0.7777096988352505
SMR,2023,0.8032078334153909
SOM,2013,0.39833612748920216
SOM,2014,0.4012073040248946
SOM,2015,0.4040464233734329
SOM,2016,0.4699525565352166
SOM,2017,0.44372929320126087
SOM,2018,0.4489922188489961
SOM,2019,0.45698948075071444
SOM,2020,0.4574111202375116
SOM,2021,0.45263127329488306
SOM,2022,0.4356506318941129
SOM,2023,0.4483240632821843
SRB,2013,0.8371189974948089
SRB,2014,0.8405735736219565
SRB,2015,0.8408535244338917
SRB,2016,0.8264011966375786
SRB,2017,0.8279062214996884
SRB,2018,0.8288593697357893
SRB,2019,0.8419716686822506
SRB,2020,0.8439790418088373
SRB,2021,0.841720932824185
SRB,2022,0.8362252486629334
SRB,2023,0.8312163451584227
SSD,2013,0.47929891149341675
SSD,2014,0.4406065624879763
SSD,2015,0.42212467598405207
SSD,2016,0.4175772200900598
SSD,2017,0.4144161590818565
SSD,2018,0.4743342205811124
SSD,2019,0.5828512760553977
SSD,2020,0.5831645769578666
SSD,2021,0.5968019445300614
SSD,2022,0.5993601330906597
SSD,2023,0.601171037875097
STP,2013,0.5193838256829493
STP,2014,0.5538895631214719
STP,2015,0.5565393521165481
STP,2016,0.590829979595324
STP,2017,0.5935848887296425
STP,2018,0.5817461629973194
STP,2019,0.5832559001505735
STP,2020,0.6913486773753739
STP,2021,0.691466589409671
STP,2022,0.6592229466553374
STP,2023,0.6605663587830765
SUR,2013,0.5566909883008483
SUR,2014,0.5575039975166141
SUR,2015,0.6119598402151729
SUR,2016,0.597876127525665
SUR,2017,0.5992286666358391
SUR,2018,0.6006916926185638
SUR,2019,0.62460249005616
SUR,2020,0.6346750262238492
SUR,2021,0.6639715546815499
SUR,2022,0.6746502889319604
SUR,2023,0.6757488661456972
SVK,2013,0.7697031432215038
SVK,2014,0.7701160282201709
SVK,2015,0.769490279951133
SVK,2016,0.7751271636433894
SVK,2017,0.7748359346159717
SVK,2018,0.7750287582391209
SVK,2019,0.7759033810634597
SVK,2020,0.7851123247048446
SVK,2021,0.7337046290148972
SVK,2022,0.7336484619894051
SVK,2023,0.7382509385500976
SVN,2013,0.8173647650850192
SVN,2014,0.831587382836218
SVN,2015,0.8356137110923663
SVN,2016,0.8364842417055469
SVN,2017,0.8361035921634505
SVN,2018,0.7889572320851922
SVN,2019,0.8021755830246903
SVN,2020,0.8155743940162494
SVN,2021,0.8276004677103269
SVN,2022,0.8805867907869247
SVN,2023,0.8738710320756646
SWE,2013,0.9001103556717023
SWE,2014,0.9154119444768541
SWE,2015,0.9109716829752458
SWE,2016,0.9111318683206568
SWE,2017,0.9113154860132147
SWE,2018,0.9218546337621762
SWE,2019,0.9276319610234037
SWE,2020,0.9253600513801941
SWE,2021,0.92682883188342
SWE,2022,0.9246093970297221
SWE,2023,0.9251541985216808
SWZ,2013,0.3561890080708843
SWZ,2014,0.3891262575002737
SWZ,2015,0.39600926131979725
SWZ,2016,0.40187995178966
SWZ,2017,0.40722862383360964
SWZ,2018,0.4145730128773393
SWZ,2019,0.41846320814479615
SWZ,2020,0.44057718350878855
SWZ,2021,0.43372991677292305
SWZ,2022,0.46235418605364387
SWZ,2023,0.47881605984184633
SYC,2013,0.7443557143638795
SYC,2014,0.7470964114709291
SYC,2015,0.7482154988427588
SYC,2016,0.6605552926035805
SYC,2017,0.6713872333668124
SYC,2018,0.6690326949223798
SYC,2019,0.6714003351182265
SYC,2020,0.6901340903984147
SYC,2021,0.674254383281427
SYC,2022,0.6764961011497995
SYC,2023,0.680716736833539
SYR,2013,0.4153172076519639
SYR,2014,0.4166010410226649
SYR,2015,0.41612881242822763
SYR,2016,0.4227194136333333
SYR,2017,0.4231643961010677
SYR,2018,0.425205304582185
SYR,2019,0.4305012333346742
SYR,2020,0.4522517269299544
SYR,2021,0.45237911747843074
SYR,2022,0.45401198592991
SYR,2023,0.4513510228146622
TCD,2013,0.4226199064284857
TCD,2014,0.4254279115755754
TCD,2015,0.42845060536555624
TCD,2016,0.4327404657373572
TCD,2017,0.42900914368655274
TCD,2018,0.4876232501523899
TCD,2019,0.49033152895099547
TCD,2020,0.4968087530379496
TCD,2021,0.5641776817933426
TCD,2022,0.545925421154869
TCD,2023,0.5486490555963578
TGO,2013,0.5851030941324187
TGO,2014,0.6263263212884964
TGO,2015,0.6280795822817776
TGO,2016,0.6419233796253253
TGO,2017,0.6437695147603166
TGO,2018,0.6451794820415774
TGO,2019,0.6427047821109885
TGO,2020,0.6525696983690501
TGO,2021,0.6533218951658515
TGO,2022,0.6443961649927195
TGO,2023,0.6504700314402199
THA,2013,0.649928586219241
THA,2014,0.6131950918934801
THA,2015,0.6145392099522232
THA,2016,0.6163984321919665
THA,2017,0.6136280814474802
THA,2018,0.6174873150720628
THA,2019,0.6616219252758571
THA,2020,0.6761998448544257
THA,2021,0.6773007177602615
THA,2022,0.6704993995928137
THA,2023,0.6876974830326856
TJK,2013,0.641534577088665
TJK,2014,0.6456353769283738
TJK,2015,0.6537323724119141
TJK,2016,0.6554019100781965
TJK,2017,0.6587281999900456
TJK,2018,0.6735260372589338
TJK,2019,0.6725711839359201
TJK,2020,0.6870753916058854
TJK,2021,0.6893313812742636
TJK,2022,0.7065081352523939
TJK,2023,0.7075345424269607
TLS,2013,0.7225515225259485
TLS,2014,0.7372071428096993
TLS,2015,0.7393406965629037
TLS,2016,0.7411978691742233
TLS,2017,0.7188927488839822
TLS,2018,0.7267286606366488
TLS,2019,0.7745020361001974
TLS,2020,0.7750892173774723
TLS,2021,0.773674826996039
TLS,2022,0.7831460901367068
TLS,2023,0.7734554515509477
TON,2013,0.5072105447570557
TON,2014,0.49306699214419647
TON,2015,0.506030297150901
TON,2016,0.5064554528444332
TON,2017,0.5366771013345729
TON,2018,0.5358624725235221
TON,2019,0.5361580954697873
TON,2020,0.536437307987097
TON,2021,0.5067582830164024
TON,2022,0.5223026017471377
TON,2023,0.5364848190558478
TTO,2013,0.684061047090594
TTO,2014,0.696878360149308
TTO,2015,0.7063892254601631
TTO,2016,0.7065323848220666
TTO,2017,0.7067365242413159
TTO,2018,0.706268124929917
TTO,2019,0.7067242981193237
TTO,2020,0.6886636371925625
TTO,2021,0.6851359260655622
TTO,2022,0.6902733943538573
TTO,2023,0.6992784749827454
TUN,2013,0.6066462475171859
TUN,2014,0.6248239220123037
TUN,2015,0.6250537293421895
TUN,2016,0.6255977625314733
TUN,2017,0.626264770835216
TUN,2018,0.6269161427449141
TUN,2019,0.637009483643576
TUN,2020,0.645159940880918
TUN,2021,0.646096184409086
TUN,2022,0.6528516686694433
TUN,2023,0.6144939867094221
TUR,2013,0.6778153173668595
TUR,2014,0.6785427484981069
TUR,2015,0.6814061612802907
TUR,2016,0.6945569822989881
TUR,2017,0.69471903209883
TUR,2018,0.7076595151630731
TUR,2019,0.7089598451111495
TUR,2020,0.7069964767954903
TUR,2021,0.7059831037689082
TUR,2022,0.7099463192766965
TUR,2023,0.7186838738888598
TZA,2013,0.6929160210453245
TZA,2014,0.6939094778336466
TZA,2015,0.6965954878806042
TZA,2016,0.7013463568327623
TZA,2017,0.7070615787276098
TZA,2018,0.7096730242583262
TZA,2019,0.7113480666809586
TZA,2020,0.7179667302481949
TZA,2021,0.7175143325243765
TZA,2022,0.7195070934835194
TZA,2023,0.7176190552835393
UGA,2013,0.6353904798507638
UGA,2014,0.6375722597152026
UGA,2015,0.6402261769817238
UGA,2016,0.6383444408971278
UGA,2017,0.6448762771798031
UGA,2018,0.6470310508869899
UGA,2019,0.6516851880257253
UGA,2020,0.6687348688121764
UGA,2021,0.6648906923678024
UGA,2022,0.6693008270391267
UGA,2023,0.7121487369908893
UKR,2013,0.6290032199977198
UKR,2014,0.6544705395616116
UKR,2015,0.6456485402891965
UKR,2016,0.6469719851537941
UKR,2017,0.6503127599735942
UKR,2018,0.6507647925824045
UKR,2019,0.7000384168302735
UKR,2020,0.7001816809942282
UKR,2021,0.6967411170004976
UKR,2022,0.7291072504887863
UKR,2023,0.7306539185380279
URY,2013,0.6757627649779836
URY,2014,0.6809017757276462
URY,2015,0.706223002395524
URY,2016,0.707977532672782
URY,2017,0.7264957626396245
URY,2018,0.7289291909460378
URY,2019,0.741966455279786
URY,2020,0.7524516774144431
URY,2021,0.758725591035615
URY,2022,0.7660878753592516
URY,2023,0.7732886640530301
USA,2013,0.714884029164963
USA,2014,0.7216622698861785
USA,2015,0.7223366944554654
USA,2016,0.7219959950415654
USA,2017,0.7232672837671225
USA,2018,0.7401743597860875
USA,2019,0.7780721687133384
USA,2020,0.7910732634314936
USA,2021,0.7906014268244863
USA,2022,0.7970972733494374
USA,2023,0.8001757092417596
UZB,2013,0.6191383520808725
UZB,2014,0.6194587363164237
UZB,2015,0.5969129919734153
UZB,2016,0.5982267082744025
UZB,2017,0.5993549985372115
UZB,2018,0.5996951503530831
UZB,2019,0.5999220267748089
UZB,2020,0.6770894334638453
UZB,2021,0.6921934978025216
UZB,2022,0.6950614580228215
UZB,2023,0.6964249170894333
VCT,2013,0.5875470799117246
VCT,2014,0.5883123676841708
VCT,2015,0.5899695862041529
VCT,2016,0.5907260073937901
VCT,2017,0.5921694551496537
VCT,2018,0.5928431379949297
VCT,2019,0.5930174858451125
VCT,2020,0.6133687797282716
VCT,2021,0.6114716426549764
VCT,2022,0.6170044848047016
VCT,2023,0.6174946682364508
VEN,2013,0.6690811462297919
VEN,2014,0.669275208313237
VEN,2015,0.6830400726994257
VEN,2016,0.6718248921515859
VEN,2017,0.7019949945734044
VEN,2018,0.7040529733399725
VEN,2019,0.7047500960960584
VEN,2020,0.7042712513291729
VEN,2021,0.7010940877029371
VEN,2022,0.809772855231707
VEN,2023,0.8088434661278212
VNM,2013,0.6582117341089366
VNM,2014,0.7043517273057023
VNM,2015,0.6891122461235253
VNM,2016,0.6996326084726838
VNM,2017,0.7283659171758845
VNM,2018,0.7293616788735995
VNM,2019,0.7296644415996698
VNM,2020,0.7321965036187382
VNM,2021,0.7591130578914921
VNM,2022,0.7756317144903557
VNM,2023,0.7759205429994576
VUT,2013,0.46762200387213704
VUT,2014,0.46776931867558835
VUT,2015,0.4683059851899237
VUT,2016,0.4690725796443866
VUT,2017,0.46951804684143705
VUT,2018,0.47008139924037795
VUT,2019,0.4708991965518071
VUT,2020,0.47079201696682493
VUT,2021,0.4692593937378376
VUT,2022,0.4804204833564564
VUT,2023,0.48126476164837056
WSM,2013,0.47557743833455796
WSM,2014,0.5986459405225482
WSM,2015,0.598611903475845
WSM,2016,0.6143209337573535
WSM,2017,0.6143077494821106
WSM,2018,0.6143915009791211
WSM,2019,0.6130807039406615
WSM,2020,0.6146336036374227
WSM,2021,0.6071043237890712
WSM,2022,0.6283100712546309
WSM,2023,0.6290722402431644
YEM,2013,0.32057248695174123
YEM,2014,0.3207071378525746
YEM,2015,0.3179109578603876
YEM,2016,0.3184576730295293
YEM,2017,0.318172821214904
YEM,2018,0.3169829177089212
YEM,2019,0.319068238723375
YEM,2020,0.31844459156231586
YEM,2021,0.3152563050365177
YEM,2022,0.3192363002584878
YEM,2023,0.3216504279026349
ZAF,2013,0.7511652430761688
ZAF,2014,0.7486600054338202
ZAF,2015,0.7847288431097954
ZAF,2016,0.7887649587594538
ZAF,2017,0.7915854938640119
ZAF,2018,0.7975512688929647
ZAF,2019,0.8120016019778005
ZAF,2020,0.812070456926185
ZAF,2021,0.8022886863167245
ZAF,2022,0.8120068802241123
ZAF,2023,0.8111724380731657
ZMB,2013,0.5063611313077838
ZMB,2014,0.5069060582324818
ZMB,2015,0.5167549842626842
ZMB,2016,0.5384980768093441
ZMB,2017,0.618683640361106
ZMB,2018,0.6213490459975926
ZMB,2019,0.6240040902304127
ZMB,2020,0.6336266069732344
ZMB,2021,0.6241208339006159
ZMB,2022,0.6319686632302699
ZMB,2023,0.63421377566136
ZWE,2013,0.6939939993650224
ZWE,2014,0.6994578201479682
ZWE,2015,0.7037509381555044
ZWE,2016,0.7066402958436299
ZWE,2017,0.7134506483642076
ZWE,2018,0.7107344921835146
ZWE,2019,0.7125211422921667
ZWE,2020,0.7138954285804423
ZWE,2021,0.7085694678754271
ZWE,2022,0.7106614668221691
ZWE,2023,0.7128288648859723
