iso3,country,year,wbl_treatment_index
AFG,Afghanistan,2013,0.35836284879323704
AFG,Afghanistan,2014,0.36224109401937826
AFG,Afghanistan,2015,0.36456065929166087
AFG,Afghanistan,2016,0.36955659234435445
AFG,Afghanistan,2017,0.42138425558211046
AFG,Afghanistan,2018,0.3977769724659682
AFG,Afghanistan,2019,0.42923716560393005
AFG,Afghanistan,2020,0.41847742538639243
AFG,Afghanistan,2021,0.4147642016117205
AFG,Afghanistan,2022,0.4298171687845161
AFG,Afghanistan,2023,0.4057976367942463
AGO,Angola,2013,0.5953099257473095
AGO,Angola,2014,0.6118507000937823
AGO,Angola,2015,0.6156293243456332
AGO,Angola,2016,0.6191176388823576
AGO,Angola,2017,0.6050863454284994
AGO,Angola,2018,0.6081536362939184
AGO,Angola,2019,0.6084793854451275
AGO,Angola,2020,0.609805862815179
AGO,Angola,2021,0.6061621997224301
AGO,Angola,2022,0.6636440178484428
AGO,Angola,2023,0.6656302761926722
ALB,Albania,2013,0.7285459525541488
ALB,Albania,2014,0.738431522241905
ALB,Albania,2015,0.7432488323500308
ALB,Albania,2016,0.7550881315326317
ALB,Albania,2017,0.8082365741471396
ALB,Albania,2018,0.8098295920303389
ALB,Albania,2019,0.8183474661966872
ALB,Albania,2020,0.8142467468155294
ALB,Albania,2021,0.839094009023356
ALB,Albania,2022,0.8464828152299659
ALB,Albania,2023,0.8493777590066061
ARE,United Arab Emirates,2013,0.4511944689662154
ARE,United Arab Emirates,2014,0.45215437697669747
ARE,United Arab Emirates,2015,0.47652810526371725
ARE,United Arab Emirates,2016,0.47744664762454814
ARE,United Arab Emirates,2017,0.4782101813516426
ARE,United Arab Emirates,2018,0.47896864430214303
ARE,United Arab Emirates,2019,0.6248246840757329
ARE,United Arab Emirates,2020,0.770087960299717
ARE,United Arab Emirates,2021,0.8749445933137537
ARE,United Arab Emirates,2022,0.8799409247551239
ARE,United Arab Emirates,2023,0.8882857860357423
ARG,Argentina,2013,0.7275722210706785
ARG,Argentina,2014,0.7294263276348947
ARG,Argentina,2015,0.7548933990350299
ARG,Argentina,2016,0.7285923591057664
ARG,Argentina,2017,0.7421217610241915
ARG,Argentina,2018,0.748735125693405
ARG,Argentina,2019,0.773507686952305
ARG,Argentina,2020,0.7774328608913421
ARG,Argentina,2021,0.7875206110865681
ARG,Argentina,2022,0.812643424848727
ARG,Argentina,2023,0.8113354134036859
ARM,Armenia,2013,0.665107341765112
ARM,Armenia,2014,0.666442226974916
ARM,Armenia,2015,0.6669172292430438
ARM,Armenia,2016,0.6673733568864861
ARM,Armenia,2017,0.7049687974670885
ARM,Armenia,2018,0.7072507609209224
ARM,Armenia,2019,0.7481653879577728
ARM,Armenia,2020,0.7408708154901996
ARM,Armenia,2021,0.7836107105064365
ARM,Armenia,2022,0.8131758167895458
ARM,Armenia,2023,0.8238147758765856
ATG,Antigua and Barbuda,2013,0.5890778869815296
ATG,Antigua and Barbuda,2014,0.5912563100370012
ATG,Antigua and Barbuda,2015,0.5903499010970082
ATG,Antigua and Barbuda,2016,0.5922492545347157
ATG,Antigua and Barbuda,2017,0.5922533208674532
ATG,Antigua and Barbuda,2018,0.5935719432570696
ATG,Antigua and Barbuda,2019,0.5921531930703552
ATG,Antigua and Barbuda,2020,0.5910518886341778
ATG,Antigua and Barbuda,2021,0.5912580870314326
ATG,Antigua and Barbuda,2022,0.5924096816406875
ATG,Antigua and Barbuda,2023,0.5794883936479156
AUS,Australia,2013,0.8130922297339402
AUS,Australia,2014,0.826688870798904
AUS,Australia,2015,0.8306029692212851
AUS,Australia,2016,0.8563480419869887
AUS,Australia,2017,0.8567155803500913
AUS,Australia,2018,0.8579943435299968
AUS,Australia,2019,0.8673069891016612
AUS,Australia,2020,0.8688324051217615
AUS,Australia,2021,0.872629854724343
AUS,Australia,2022,0.9066984474318922
AUS,Australia,2023,0.9061747452311146
AUT,Austria,2013,0.8472433941501731
AUT,Austria,2014,0.8432608333436145
AUT,Austria,2015,0.8343886301755521
AUT,Austria,2016,0.8518055343292963
AUT,Austria,2017,0.8698761011257838
AUT,Austria,2018,0.8705485820785135
AUT,Austria,2019,0.8944470685849548
AUT,Austria,2020,0.892202467290835
AUT,Austria,2021,0.9102139729330059
AUT,Austria,2022,0.9128322866101996
AUT,Austria,2023,0.9142419836395214
AZE,Azerbaijan,2013,0.6443131604012071
AZE,Azerbaijan,2014,0.6446766052481406
AZE,Azerbaijan,2015,0.6533189225859892
AZE,Azerbaijan,2016,0.6545021661987553
AZE,Azerbaijan,2017,0.6574996577991545
AZE,Azerbaijan,2018,0.6599728588810054
AZE,Azerbaijan,2019,0.6618542696588423
AZE,Azerbaijan,2020,0.656644171414944
AZE,Azerbaijan,2021,0.6623263345967056
AZE,Azerbaijan,2022,0.6756149688454411
AZE,Azerbaijan,2023,0.6795403297092181
BDI,Burundi,2013,0.6032809526629381
BDI,Burundi,2014,0.6079717928277174
BDI,Burundi,2015,0.6386037429572702
BDI,Burundi,2016,0.6433746456967369
BDI,Burundi,2017,0.6474389404660326
BDI,Burundi,2018,0.650726764409578
BDI,Burundi,2019,0.6534124452161587
BDI,Burundi,2020,0.6646786267982454
BDI,Burundi,2021,0.662887442232486
BDI,Burundi,2022,0.683848785228439
BDI,Burundi,2023,0.688219190157855
BEL,Belgium,2013,0.9110891931802678
BEL,Belgium,2014,0.9202090633208837
BEL,Belgium,2015,0.9189111085803223
BEL,Belgium,2016,0.9210372661124766
BEL,Belgium,2017,0.9148012140138758
BEL,Belgium,2018,0.9151409195117308
BEL,Belgium,2019,0.9356685237320246
BEL,Belgium,2020,0.9277626860579354
BEL,Belgium,2021,0.93532708441543
BEL,Belgium,2022,0.9375061838764953
BEL,Belgium,2023,0.9407232384151308
BEN,Benin,2013,0.4894263736554647
BEN,Benin,2014,0.4900221840672059
BEN,Benin,2015,0.48477526579605745
BEN,Benin,2016,0.48598759890410553
BEN,Benin,2017,0.48912393646320557
BEN,Benin,2018,0.49159212054968593
BEN,Benin,2019,0.4948390758725119
BEN,Benin,2020,0.4969814406842522
BEN,Benin,2021,0.5159955182281966
BEN,Benin,2022,0.5326959958458886
BEN,Benin,2023,0.6422732652796012
BFA,Burkina Faso,2013,0.5363665831745675
BFA,Burkina Faso,2014,0.5493791143632267
BFA,Burkina Faso,2015,0.5151633242266994
BFA,Burkina Faso,2016,0.519425671726492
BFA,Burkina Faso,2017,0.5313410282408662
BFA,Burkina Faso,2018,0.5354758255812091
BFA,Burkina Faso,2019,0.5793626254981394
BFA,Burkina Faso,2020,0.5456175826507527
BFA,Burkina Faso,2021,0.5432936245238492
BFA,Burkina Faso,2022,0.5986537649348578
BFA,Burkina Faso,2023,0.6055729827695842
BGD,Bangladesh,2013,0.47950055567202354
BGD,Bangladesh,2014,0.48684525135965995
BGD,Bangladesh,2015,0.49133899416511173
BGD,Bangladesh,2016,0.4945425034701837
BGD,Bangladesh,2017,0.5005907797715259
BGD,Bangladesh,2018,0.5037365968704104
BGD,Bangladesh,2019,0.5082778229039446
BGD,Bangladesh,2020,0.5058168267053896
BGD,Bangladesh,2021,0.5026047944761445
BGD,Bangladesh,2022,0.5193816595318104
BGD,Bangladesh,2023,0.5216814727789656
BGR,Bulgaria,2013,0.7681017730619062
BGR,Bulgaria,2014,0.7450047046360738
BGR,Bulgaria,2015,0.7485848713142251
BGR,Bulgaria,2016,0.7499025044280112
BGR,Bulgaria,2017,0.765365769943444
BGR,Bulgaria,2018,0.7657692393585758
BGR,Bulgaria,2019,0.7761803538069673
BGR,Bulgaria,2020,0.7744396771907713
BGR,Bulgaria,2021,0.7525898286293575
BGR,Bulgaria,2022,0.764523851037181
BGR,Bulgaria,2023,0.7709756303980466
BHR,Bahrain,2013,0.42929646136362626
BHR,Bahrain,2014,0.43435835849252036
BHR,Bahrain,2015,0.43504093813099837
BHR,Bahrain,2016,0.43565398110894643
BHR,Bahrain,2017,0.44866763526273445
BHR,Bahrain,2018,0.48461252830526474
BHR,Bahrain,2019,0.49819815460580674
BHR,Bahrain,2020,0.5259740290889491
BHR,Bahrain,2021,0.5674969849302764
BHR,Bahrain,2022,0.6493499393182729
BHR,Bahrain,2023,0.6653775244432546
BHS,"Bahamas, The",2013,0.6626405201095382
BHS,"Bahamas, The",2014,0.6633693818600034
BHS,"Bahamas, The",2015,0.6632410343559803
BHS,"Bahamas, The",2016,0.6653364954426406
BHS,"Bahamas, The",2017,0.6643959681583176
BHS,"Bahamas, The",2018,0.6644718369326271
BHS,"Bahamas, The",2019,0.6529487029689336
BHS,"Bahamas, The",2020,0.6610216665364399
BHS,"Bahamas, The",2021,0.670783266207668
BHS,"Bahamas, The",2022,0.6908518566235476
BHS,"Bahamas, The",2023,0.6914283030407042
BIH,Bosnia and Herzegovina,2013,0.7291731861701218
BIH,Bosnia and Herzegovina,2014,0.7290509377827756
BIH,Bosnia and Herzegovina,2015,0.7287934670570682
BIH,Bosnia and Herzegovina,2016,0.7285437388602933
BIH,Bosnia and Herzegovina,2017,0.7601674795056277
BIH,Bosnia and Herzegovina,2018,0.7636463427193912
BIH,Bosnia and Herzegovina,2019,0.7454141377666978
BIH,Bosnia and Herzegovina,2020,0.7632308541985708
BIH,Bosnia and Herzegovina,2021,0.756884108998543
BIH,Bosnia and Herzegovina,2022,0.7220400680474321
BIH,Bosnia and Herzegovina,2023,0.7359364695182258
BLR,Belarus,2013,0.6919609382837106
BLR,Belarus,2014,0.6946465932240915
BLR,Belarus,2015,0.7135266103901514
BLR,Belarus,2016,0.7492183668083088
BLR,Belarus,2017,0.7511934469703104
BLR,Belarus,2018,0.7522136137529407
BLR,Belarus,2019,0.7782277870188936
BLR,Belarus,2020,0.7707615679493476
BLR,Belarus,2021,0.7702629042472866
BLR,Belarus,2022,0.7778111094908668
BLR,Belarus,2023,0.7785839669103418
BLZ,Belize,2013,0.5825803796760497
BLZ,Belize,2014,0.5835993126653941
BLZ,Belize,2015,0.5846325070968712
BLZ,Belize,2016,0.5849353873677337
BLZ,Belize,2017,0.6150227551158058
BLZ,Belize,2018,0.6150322602654363
BLZ,Belize,2019,0.6184001344139867
BLZ,Belize,2020,0.6167985415994768
BLZ,Belize,2021,0.6262748898542563
BLZ,Belize,2022,0.6331070527445082
BLZ,Belize,2023,0.6548687264809111
BOL,Bolivia,2013,0.6038096191567071
BOL,Bolivia,2014,0.7795192022509031
BOL,Bolivia,2015,0.7812201837420937
BOL,Bolivia,2016,0.8420227636328664
BOL,Bolivia,2017,0.8431765648053119
BOL,Bolivia,2018,0.8443742489826598
BOL,Bolivia,2019,0.8453195087122722
BOL,Bolivia,2020,0.7942068495540933
BOL,Bolivia,2021,0.7851768834369538
BOL,Bolivia,2022,0.8125147208250634
BOL,Bolivia,2023,0.8177663596287438
BRA,Brazil,2013,0.6360726227899947
BRA,Brazil,2014,0.643405778164863
BRA,Brazil,2015,0.6449227499102119
BRA,Brazil,2016,0.6462459937230911
BRA,Brazil,2017,0.6518127611955793
BRA,Brazil,2018,0.6736663872659794
BRA,Brazil,2019,0.6751871876141256
BRA,Brazil,2020,0.6683872199019218
BRA,Brazil,2021,0.6798908787544851
BRA,Brazil,2022,0.7009493531877284
BRA,Brazil,2023,0.705802327584924
BRB,Barbados,2013,0.6281848932474685
BRB,Barbados,2014,0.628758899478263
BRB,Barbados,2015,0.6293456375554614
BRB,Barbados,2016,0.6298379311078679
BRB,Barbados,2017,0.6299105382960186
BRB,Barbados,2018,0.64603855847449
BRB,Barbados,2019,0.6777090964181067
BRB,Barbados,2020,0.67806902004626
BRB,Barbados,2021,0.6937495423971474
BRB,Barbados,2022,0.7226376198410018
BRB,Barbados,2023,0.724602803213171
BRN,Brunei Darussalam,2013,0.6765982369420829
BRN,Brunei Darussalam,2014,0.6775683798892304
BRN,Brunei Darussalam,2015,0.6783275721804547
BRN,Brunei Darussalam,2016,0.5027686816356148
BRN,Brunei Darussalam,2017,0.5155568604100977
BRN,Brunei Darussalam,2018,0.5158181387119496
BRN,Brunei Darussalam,2019,0.5161848125325245
BRN,Brunei Darussalam,2020,0.5168264287190403
BRN,Brunei Darussalam,2021,0.5155769566554312
BRN,Brunei Darussalam,2022,0.5051407629780398
BRN,Brunei Darussalam,2023,0.5305108676385846
BTN,Bhutan,2013,0.5739276413434511
BTN,Bhutan,2014,0.5991485345751679
BTN,Bhutan,2015,0.6016002310099321
BTN,Bhutan,2016,0.604130506042174
BTN,Bhutan,2017,0.6067362705675041
BTN,Bhutan,2018,0.6389272089035419
BTN,Bhutan,2019,0.640716592076498
BTN,Bhutan,2020,0.6415606054474308
BTN,Bhutan,2021,0.6519854273270245
BTN,Bhutan,2022,0.6551303274142241
BTN,Bhutan,2023,0.6561292056432357
BWA,Botswana,2013,0.4829541809840684
BWA,Botswana,2014,0.49465854168699674
BWA,Botswana,2015,0.5022064818764536
BWA,Botswana,2016,0.5117158633913177
BWA,Botswana,2017,0.5193014051260892
BWA,Botswana,2018,0.5183048713219202
BWA,Botswana,2019,0.5265275564489711
BWA,Botswana,2020,0.5292526918412603
BWA,Botswana,2021,0.5082168885717931
BWA,Botswana,2022,0.5336921364469429
BWA,Botswana,2023,0.5335457798735069
CAF,Central African Republic,2013,0.38749999999999996
CAF,Central African Republic,2014,0.3904252978528102
CAF,Central African Republic,2015,0.3995878960719927
CAF,Central African Republic,2016,0.4279259068077263
CAF,Central African Republic,2017,0.42787059366580626
CAF,Central African Republic,2018,0.44237424200720604
CAF,Central African Republic,2019,0.42787059366580626
CAF,Central African Republic,2020,0.4290364123308785
CAF,Central African Republic,2021,0.4482614533407016
CAF,Central African Republic,2022,0.4613522499190953
CAF,Central African Republic,2023,0.4914545912038117
CAN,Canada,2013,0.8374168330871092
CAN,Canada,2014,0.839775970909856
CAN,Canada,2015,0.844752154527509
CAN,Canada,2016,0.8455787809546986
CAN,Canada,2017,0.8466524220961802
CAN,Canada,2018,0.8500552672507764
CAN,Canada,2019,0.8613246215475636
CAN,Canada,2020,0.8716799054934325
CAN,Canada,2021,0.8792189603238988
CAN,Canada,2022,0.8780071465668178
CAN,Canada,2023,0.8804892188804269
CHE,Switzerland,2013,0.8154325808202458
CHE,Switzerland,2014,0.8170552074499342
CHE,Switzerland,2015,0.8207154487581966
CHE,Switzerland,2016,0.8228996814748134
CHE,Switzerland,2017,0.8253447959766995
CHE,Switzerland,2018,0.8259791133024612
CHE,Switzerland,2019,0.8689749882719033
CHE,Switzerland,2020,0.8661336510102937
CHE,Switzerland,2021,0.8737085990531341
CHE,Switzerland,2022,0.8806979246677937
CHE,Switzerland,2023,0.8680723924487497
CHL,Chile,2013,0.673492381224303
CHL,Chile,2014,0.6756669065583915
CHL,Chile,2015,0.6786974653723443
CHL,Chile,2016,0.6819897061993021
CHL,Chile,2017,0.8344219498944629
CHL,Chile,2018,0.7186329258126776
CHL,Chile,2019,0.7195808552499134
CHL,Chile,2020,0.7184462026823459
CHL,Chile,2021,0.7921932921062281
CHL,Chile,2022,0.7931118009339851
CHL,Chile,2023,0.8002804410647197
CHN,China,2013,0.702078281265442
CHN,China,2014,0.7031996248712709
CHN,China,2015,0.7058161548716275
CHN,China,2016,0.7068791135773365
CHN,China,2017,0.7105206752515686
CHN,China,2018,0.7157639011287553
CHN,China,2019,0.7169427696992126
CHN,China,2020,0.7182088237820008
CHN,China,2021,0.7184607108706611
CHN,China,2022,0.7194131365177592
CHN,China,2023,0.7387808165285372
CIV,Cote d'Ivoire,2013,0.46378884091806993
CIV,Cote d'Ivoire,2014,0.522694721672829
CIV,Cote d'Ivoire,2015,0.5248768066432772
CIV,Cote d'Ivoire,2016,0.5293010535408812
CIV,Cote d'Ivoire,2017,0.5417655433201997
CIV,Cote d'Ivoire,2018,0.5464131272964854
CIV,Cote d'Ivoire,2019,0.5368972654344385
CIV,Cote d'Ivoire,2020,0.5633126170501339
CIV,Cote d'Ivoire,2021,0.5769154770064893
CIV,Cote d'Ivoire,2022,0.5854665042307294
CIV,Cote d'Ivoire,2023,0.6475849507779516
CMR,Cameroon,2013,0.4768480024573685
CMR,Cameroon,2014,0.48093238194088855
CMR,Cameroon,2015,0.4846813292297452
CMR,Cameroon,2016,0.488570408765862
CMR,Cameroon,2017,0.49206939876976935
CMR,Cameroon,2018,0.542273419821224
CMR,Cameroon,2019,0.5461454762888558
CMR,Cameroon,2020,0.5616296010625164
CMR,Cameroon,2021,0.5586630933754584
CMR,Cameroon,2022,0.5681216210829965
CMR,Cameroon,2023,0.574648581999804
COD,"Congo, Dem. Rep.",2013,0.322589845573338
COD,"Congo, Dem. Rep.",2014,0.33366050036598816
COD,"Congo, Dem. Rep.",2015,0.3292694447195281
COD,"Congo, Dem. Rep.",2016,0.3329588684435986
COD,"Congo, Dem. Rep.",2017,0.3666249633577104
COD,"Congo, Dem. Rep.",2018,0.47554936007932685
COD,"Congo, Dem. Rep.",2019,0.482897204701594
COD,"Congo, Dem. Rep.",2020,0.5414526455682258
COD,"Congo, Dem. Rep.",2021,0.5393305442517926
COD,"Congo, Dem. Rep.",2022,0.5463931638178458
COD,"Congo, Dem. Rep.",2023,0.5520137915222296
COG,"Congo, Rep.",2013,0.3821641232909761
COG,"Congo, Rep.",2014,0.3852060573912862
COG,"Congo, Rep.",2015,0.38805090519947005
COG,"Congo, Rep.",2016,0.3909467725154383
COG,"Congo, Rep.",2017,0.41116842405302817
COG,"Congo, Rep.",2018,0.41301656219730576
COG,"Congo, Rep.",2019,0.4092072889005788
COG,"Congo, Rep.",2020,0.41462791943588384
COG,"Congo, Rep.",2021,0.4106467021652276
COG,"Congo, Rep.",2022,0.4335344480407093
COG,"Congo, Rep.",2023,0.4808138259893898
COL,Colombia,2013,0.6351703922969529
COL,Colombia,2014,0.6734654772095336
COL,Colombia,2015,0.6754139544781423
COL,Colombia,2016,0.6772169103401384
COL,Colombia,2017,0.6726239937792531
COL,Colombia,2018,0.686694778355406
COL,Colombia,2019,0.6905847090545232
COL,Colombia,2020,0.6811205902764776
COL,Colombia,2021,0.6731705798788046
COL,Colombia,2022,0.751100081171958
COL,Colombia,2023,0.7563956623476815
COM,Comoros,2013,0.36205411081902095
COM,Comoros,2014,0.42749364247863636
COM,Comoros,2015,0.4302179472510671
COM,Comoros,2016,0.4767925833322878
COM,Comoros,2017,0.49339331620964966
COM,Comoros,2018,0.49531231772860823
COM,Comoros,2019,0.49701518246439413
COM,Comoros,2020,0.548260518541861
COM,Comoros,2021,0.5453705851603794
COM,Comoros,2022,0.5523571790298965
COM,Comoros,2023,0.5543273846397319
CPV,Cabo Verde,2013,0.7129563766125292
CPV,Cabo Verde,2014,0.7149228457335175
CPV,Cabo Verde,2015,0.7170484206807296
CPV,Cabo Verde,2016,0.730882636469756
CPV,Cabo Verde,2017,0.7330019840953407
CPV,Cabo Verde,2018,0.7355695803086724
CPV,Cabo Verde,2019,0.7398931234140625
CPV,Cabo Verde,2020,0.7431998141985051
CPV,Cabo Verde,2021,0.8099164326369155
CPV,Cabo Verde,2022,0.8158553964437043
CPV,Cabo Verde,2023,0.8296002402258882
CRI,Costa Rica,2013,0.790584143434651
CRI,Costa Rica,2014,0.7665721461577768
CRI,Costa Rica,2015,0.7689221727274833
CRI,Costa Rica,2016,0.7682005621126604
CRI,Costa Rica,2017,0.7772898632787462
CRI,Costa Rica,2018,0.828357866395168
CRI,Costa Rica,2019,0.8315234245129818
CRI,Costa Rica,2020,0.8485498708021701
CRI,Costa Rica,2021,0.8596276370726659
CRI,Costa Rica,2022,0.8736869395981072
CRI,Costa Rica,2023,0.9071609024350602
CYP,Cyprus,2013,0.7293280334253843
CYP,Cyprus,2014,0.7376532828806477
CYP,Cyprus,2015,0.738107650099627
CYP,Cyprus,2016,0.7632605862895304
CYP,Cyprus,2017,0.7630291988082839
CYP,Cyprus,2018,0.7626009781063344
CYP,Cyprus,2019,0.7747242869367678
CYP,Cyprus,2020,0.7782513890677877
CYP,Cyprus,2021,0.7500131421873948
CYP,Cyprus,2022,0.7672371133258292
CYP,Cyprus,2023,0.7739033016368102
CZE,Czechia,2013,0.7704237733845889
CZE,Czechia,2014,0.7730369950297401
CZE,Czechia,2015,0.7742808053176231
CZE,Czechia,2016,0.77609003962524
CZE,Czechia,2017,0.7852841210754083
CZE,Czechia,2018,0.7857325744037699
CZE,Czechia,2019,0.8016861415717997
CZE,Czechia,2020,0.7984137972131673
CZE,Czechia,2021,0.8070909772641699
CZE,Czechia,2022,0.815808966549734
CZE,Czechia,2023,0.8221837891044903
DEU,Germany,2013,0.887551648887531
DEU,Germany,2014,0.889787579026428
DEU,Germany,2015,0.8879212057149078
DEU,Germany,2016,0.8889588589800632
DEU,Germany,2017,0.8622729024764904
DEU,Germany,2018,0.862147018923218
DEU,Germany,2019,0.8801465043890084
DEU,Germany,2020,0.8808466421035583
DEU,Germany,2021,0.8977623295747329
DEU,Germany,2022,0.897114959862756
DEU,Germany,2023,0.8983078245369622
DJI,Djibouti,2013,0.5162699769905081
DJI,Djibouti,2014,0.5181981761423501
DJI,Djibouti,2015,0.5201497338225088
DJI,Djibouti,2016,0.5225519536220109
DJI,Djibouti,2017,0.5150502389031475
DJI,Djibouti,2018,0.5892873490886855
DJI,Djibouti,2019,0.6032275620717227
DJI,Djibouti,2020,0.6343097850378359
DJI,Djibouti,2021,0.6311441739094927
DJI,Djibouti,2022,0.6404128843209347
DJI,Djibouti,2023,0.6428830445708442
DMA,Dominica,2013,0.5523012923714187
DMA,Dominica,2014,0.5544593748498985
DMA,Dominica,2015,0.591680457172944
DMA,Dominica,2016,0.5988941161358547
DMA,Dominica,2017,0.6034893399027159
DMA,Dominica,2018,0.6154048754379509
DMA,Dominica,2019,0.615506155861751
DMA,Dominica,2020,0.6594948100791961
DMA,Dominica,2021,0.6505894142765534
DMA,Dominica,2022,0.659901823726087
DMA,Dominica,2023,0.6751944221353355
DNK,Denmark,2013,0.9156115222991721
DNK,Denmark,2014,0.9172628218725448
DNK,Denmark,2015,0.9093009756556425
DNK,Denmark,2016,0.9098093490643351
DNK,Denmark,2017,0.9110538982896483
DNK,Denmark,2018,0.9105656790767809
DNK,Denmark,2019,0.920727016130248
DNK,Denmark,2020,0.9239841730326774
DNK,Denmark,2021,0.922910082064847
DNK,Denmark,2022,0.9411549970975202
DNK,Denmark,2023,0.9434526832272419
DOM,Dominican Republic,2013,0.6581498261049806
DOM,Dominican Republic,2014,0.6591502896962709
DOM,Dominican Republic,2015,0.6587123222697947
DOM,Dominican Republic,2016,0.7170377504882685
DOM,Dominican Republic,2017,0.7196119340283502
DOM,Dominican Republic,2018,0.7338370130782756
DOM,Dominican Republic,2019,0.7335997406123238
DOM,Dominican Republic,2020,0.7410857799199664
DOM,Dominican Republic,2021,0.7362421846328411
DOM,Dominican Republic,2022,0.7481521380022598
DOM,Dominican Republic,2023,0.7457892058133981
DZA,Algeria,2013,0.6261494989377145
DZA,Algeria,2014,0.6269013210351554
DZA,Algeria,2015,0.6276005061093641
DZA,Algeria,2016,0.628166675198031
DZA,Algeria,2017,0.6140228715131232
DZA,Algeria,2018,0.6148922060621255
DZA,Algeria,2019,0.6152349245767217
DZA,Algeria,2020,0.6053746342286475
DZA,Algeria,2021,0.530402935204211
DZA,Algeria,2022,0.5349314023952221
DZA,Algeria,2023,0.5344425066375782
ECU,Ecuador,2013,0.7854829419527655
ECU,Ecuador,2014,0.8015461590257308
ECU,Ecuador,2015,0.8021749766379096
ECU,Ecuador,2016,0.8033467614898229
ECU,Ecuador,2017,0.8121386989309822
ECU,Ecuador,2018,0.8170733522999708
ECU,Ecuador,2019,0.8190003975172484
ECU,Ecuador,2020,0.8085402107675305
ECU,Ecuador,2021,0.8116252364516433
ECU,Ecuador,2022,0.8239580883400457
ECU,Ecuador,2023,0.8487612076765603
EGY,"Egypt, Arab Rep.",2013,0.534111387785436
EGY,"Egypt, Arab Rep.",2014,0.5365342716086381
EGY,"Egypt, Arab Rep.",2015,0.5383958733334084
EGY,"Egypt, Arab Rep.",2016,0.4699110625894028
EGY,"Egypt, Arab Rep.",2017,0.4712806092388264
EGY,"Egypt, Arab Rep.",2018,0.47457894747271373
EGY,"Egypt, Arab Rep.",2019,0.47669738500178244
EGY,"Egypt, Arab Rep.",2020,0.5294027906610984
EGY,"Egypt, Arab Rep.",2021,0.5271939714931985
EGY,"Egypt, Arab Rep.",2022,0.5642038653314597
EGY,"Egypt, Arab Rep.",2023,0.5666810529687283
ERI,Eritrea,2013,0.5721389863482557
ERI,Eritrea,2014,0.5747485141386843
ERI,Eritrea,2015,0.577227105514111
ERI,Eritrea,2016,0.5797754964737327
ERI,Eritrea,2017,0.5826298723655006
ERI,Eritrea,2018,0.5854960334614245
ERI,Eritrea,2019,0.5879233277823254
ERI,Eritrea,2020,0.6230198143628062
ERI,Eritrea,2021,0.6219205459043597
ERI,Eritrea,2022,0.6332209969962017
ERI,Eritrea,2023,0.641079043390482
ESP,Spain,2013,0.8990987391836023
ESP,Spain,2014,0.917169213356009
ESP,Spain,2015,0.9223735506061026
ESP,Spain,2016,0.9152162016836535
ESP,Spain,2017,0.9148951205071885
ESP,Spain,2018,0.915813603569603
ESP,Spain,2019,0.9403385925515135
ESP,Spain,2020,0.9345090925681729
ESP,Spain,2021,0.9358625322733118
ESP,Spain,2022,0.9455813024588624
ESP,Spain,2023,0.9546889834812495
EST,Estonia,2013,0.7736088565665311
EST,Estonia,2014,0.765569712695428
EST,Estonia,2015,0.7906688609197001
EST,Estonia,2016,0.7914324491777573
EST,Estonia,2017,0.8075691447474824
EST,Estonia,2018,0.8395000899719692
EST,Estonia,2019,0.8551038187900135
EST,Estonia,2020,0.85077578501641
EST,Estonia,2021,0.8308963348075038
EST,Estonia,2022,0.8347313980499452
EST,Estonia,2023,0.8516734508373969
ETH,Ethiopia,2013,0.5948945511083251
ETH,Ethiopia,2014,0.6012902708851552
ETH,Ethiopia,2015,0.6594851425019963
ETH,Ethiopia,2016,0.6648380256979555
ETH,Ethiopia,2017,0.67030381707254
ETH,Ethiopia,2018,0.6742140634032449
ETH,Ethiopia,2019,0.6779265093947417
ETH,Ethiopia,2020,0.681099922379198
ETH,Ethiopia,2021,0.7374778954928847
ETH,Ethiopia,2022,0.7412664728557914
ETH,Ethiopia,2023,0.7432018187540042
FIN,Finland,2013,0.922062599516456
FIN,Finland,2014,0.9225940742784556
FIN,Finland,2015,0.9193790570207407
FIN,Finland,2016,0.9195867435291467
FIN,Finland,2017,0.9227014406276308
FIN,Finland,2018,0.9231209106410019
FIN,Finland,2019,0.9478260274550161
FIN,Finland,2020,0.9430546658056636
FIN,Finland,2021,0.9426742373800419
FIN,Finland,2022,0.9377109923302824
FIN,Finland,2023,0.9421728226792625
FJI,Fiji,2013,0.7032716572471358
FJI,Fiji,2014,0.6069950154452155
FJI,Fiji,2015,0.618103421615273
FJI,Fiji,2016,0.6183275100826582
FJI,Fiji,2017,0.6209256442777754
FJI,Fiji,2018,0.6368934164102258
FJI,Fiji,2019,0.636911755682199
FJI,Fiji,2020,0.6624933393796617
FJI,Fiji,2021,0.6771200814786742
FJI,Fiji,2022,0.678674526575558
FJI,Fiji,2023,0.6384069027453079
FRA,France,2013,0.8528664865977533
FRA,France,2014,0.8516257402652383
FRA,France,2015,0.8501970827511449
FRA,France,2016,0.8512838542997048
FRA,France,2017,0.9117384661256196
FRA,France,2018,0.9276028225944388
FRA,France,2019,0.92873355307947
FRA,France,2020,0.9257024604662125
FRA,France,2021,0.9266140451845102
FRA,France,2022,0.9152591506092523
FRA,France,2023,0.9210150330009059
FSM,"Micronesia, Fed. Sts.",2013,0.4425504715939344
FSM,"Micronesia, Fed. Sts.",2014,0.44342365143005114
FSM,"Micronesia, Fed. Sts.",2015,0.4432623610452412
FSM,"Micronesia, Fed. Sts.",2016,0.4448768504907413
FSM,"Micronesia, Fed. Sts.",2017,0.4458108183039877
FSM,"Micronesia, Fed. Sts.",2018,0.447537231623938
FSM,"Micronesia, Fed. Sts.",2019,0.46223357574196133
FSM,"Micronesia, Fed. Sts.",2020,0.46247090765151094
FSM,"Micronesia, Fed. Sts.",2021,0.49682448392575884
FSM,"Micronesia, Fed. Sts.",2022,0.5007825606868513
FSM,"Micronesia, Fed. Sts.",2023,0.5365779936006863
GAB,Gabon,2013,0.45414942555526716
GAB,Gabon,2014,0.45092399055875265
GAB,Gabon,2015,0.45105768203856905
GAB,Gabon,2016,0.45418661497783974
GAB,Gabon,2017,0.4710892811298789
GAB,Gabon,2018,0.5594820743517365
GAB,Gabon,2019,0.509030036973449
GAB,Gabon,2020,0.49335698006963796
GAB,Gabon,2021,0.4970627325000308
GAB,Gabon,2022,0.6233870488519815
GAB,Gabon,2023,0.730891887658186
GBR,United Kingdom,2013,0.809154663342921
GBR,United Kingdom,2014,0.8116515285364903
GBR,United Kingdom,2015,0.8425514513388799
GBR,United Kingdom,2016,0.8570320453507689
GBR,United Kingdom,2017,0.8691611663173744
GBR,United Kingdom,2018,0.8702354973403486
GBR,United Kingdom,2019,0.8704343940196331
GBR,United Kingdom,2020,0.875757103974554
GBR,United Kingdom,2021,0.879295090790347
GBR,United Kingdom,2022,0.8820454930108206
GBR,United Kingdom,2023,0.8834735732953793
GEO,Georgia,2013,0.6441382842601167
GEO,Georgia,2014,0.6426774601894154
GEO,Georgia,2015,0.6414547465482742
GEO,Georgia,2016,0.6649934760210746
GEO,Georgia,2017,0.6687940036324738
GEO,Georgia,2018,0.6726729458723357
GEO,Georgia,2019,0.6688748676900691
GEO,Georgia,2020,0.725987334867827
GEO,Georgia,2021,0.7105145756787272
GEO,Georgia,2022,0.736147544288835
GEO,Georgia,2023,0.7343335484515943
GHA,Ghana,2013,0.5440112688004628
GHA,Ghana,2014,0.5470490837173287
GHA,Ghana,2015,0.5488107825351913
GHA,Ghana,2016,0.5517988999468594
GHA,Ghana,2017,0.5630877187815965
GHA,Ghana,2018,0.5655474126828213
GHA,Ghana,2019,0.5704290222436759
GHA,Ghana,2020,0.5716067861917979
GHA,Ghana,2021,0.5783749480375824
GHA,Ghana,2022,0.5840452605058832
GHA,Ghana,2023,0.5856545611795738
GIN,Guinea,2013,0.34139907772556444
GIN,Guinea,2014,0.39380091183574717
GIN,Guinea,2015,0.45991707777881263
GIN,Guinea,2016,0.4653154938229496
GIN,Guinea,2017,0.46783398186021957
GIN,Guinea,2018,0.486021382505484
GIN,Guinea,2019,0.4920208540075132
GIN,Guinea,2020,0.5211704960530148
GIN,Guinea,2021,0.5174297670298249
GIN,Guinea,2022,0.5894797863386441
GIN,Guinea,2023,0.5916765966949117
GMB,"Gambia, The",2013,0.4646982440782217
GMB,"Gambia, The",2014,0.4794111701363307
GMB,"Gambia, The",2015,0.4973246287478724
GMB,"Gambia, The",2016,0.5030575920728027
GMB,"Gambia, The",2017,0.5115331083859438
GMB,"Gambia, The",2018,0.5151515095627437
GMB,"Gambia, The",2019,0.5188876083647065
GMB,"Gambia, The",2020,0.5129865078933843
GMB,"Gambia, The",2021,0.5099890576205635
GMB,"Gambia, The",2022,0.5176395937989585
GMB,"Gambia, The",2023,0.5225220381342464
GNB,Guinea-Bissau,2013,0.32363638026963076
GNB,Guinea-Bissau,2014,0.3286557062640871
GNB,Guinea-Bissau,2015,0.3467800087177472
GNB,Guinea-Bissau,2016,0.35128798750934354
GNB,Guinea-Bissau,2017,0.35609173595343563
GNB,Guinea-Bissau,2018,0.35939796397250706
GNB,Guinea-Bissau,2019,0.3611173922596043
GNB,Guinea-Bissau,2020,0.35855865752529686
GNB,Guinea-Bissau,2021,0.3591678814547191
GNB,Guinea-Bissau,2022,0.3717184258067016
GNB,Guinea-Bissau,2023,0.4169437186496897
GNQ,Equatorial Guinea,2013,0.3666737824040125
GNQ,Equatorial Guinea,2014,0.45306448749864503
GNQ,Equatorial Guinea,2015,0.4549363357562459
GNQ,Equatorial Guinea,2016,0.45703424236839096
GNQ,Equatorial Guinea,2017,0.43242331804586176
GNQ,Equatorial Guinea,2018,0.4432070537151107
GNQ,Equatorial Guinea,2019,0.45085536516863634
GNQ,Equatorial Guinea,2020,0.4518902802475672
GNQ,Equatorial Guinea,2021,0.4625438601879329
GNQ,Equatorial Guinea,2022,0.505488229500452
GNQ,Equatorial Guinea,2023,0.508085818986747
GRC,Greece,2013,0.8211934580760352
GRC,Greece,2014,0.821572824056019
GRC,Greece,2015,0.8137438352454192
GRC,Greece,2016,0.8147287012981339
GRC,Greece,2017,0.80819677887854
GRC,Greece,2018,0.8117070606452816
GRC,Greece,2019,0.8205367319621254
GRC,Greece,2020,0.8239224447366876
GRC,Greece,2021,0.8198307675271335
GRC,Greece,2022,0.8317641032052536
GRC,Greece,2023,0.8443503551227007
GRD,Grenada,2013,0.7408106537817469
GRD,Grenada,2014,0.742293066410502
GRD,Grenada,2015,0.7430975443101304
GRD,Grenada,2016,0.7440686765913636
GRD,Grenada,2017,0.7459713539184889
GRD,Grenada,2018,0.8079378531940877
GRD,Grenada,2019,0.8077213938705559
GRD,Grenada,2020,0.8237518683745124
GRD,Grenada,2021,0.8217726284875233
GRD,Grenada,2022,0.7519498804380815
GRD,Grenada,2023,0.7524407798111619
GTM,Guatemala,2013,0.5898425839025723
GTM,Guatemala,2014,0.5906223375719828
GTM,Guatemala,2015,0.593863510361796
GTM,Guatemala,2016,0.5953319188726665
GTM,Guatemala,2017,0.5912071375429206
GTM,Guatemala,2018,0.5913513720549932
GTM,Guatemala,2019,0.6254537168089775
GTM,Guatemala,2020,0.6227121120161441
GTM,Guatemala,2021,0.6140676461718155
GTM,Guatemala,2022,0.6276685649482903
GTM,Guatemala,2023,0.6359230458880459
GUY,Guyana,2013,0.7290955553682313
GUY,Guyana,2014,0.7318846886722833
GUY,Guyana,2015,0.7292812898243705
GUY,Guyana,2016,0.731224358338066
GUY,Guyana,2017,0.7406358440301417
GUY,Guyana,2018,0.7424593625968907
GUY,Guyana,2019,0.7434289987107396
GUY,Guyana,2020,0.7575917338500107
GUY,Guyana,2021,0.7396342171477795
GUY,Guyana,2022,0.7660802077872088
GUY,Guyana,2023,0.7739626429173763
HND,Honduras,2013,0.6534988554601305
HND,Honduras,2014,0.6577980627970028
HND,Honduras,2015,0.6596033421934026
HND,Honduras,2016,0.6613329028608411
HND,Honduras,2017,0.7073760039048029
HND,Honduras,2018,0.6414452289778366
HND,Honduras,2019,0.6422096630772386
HND,Honduras,2020,0.6380663439328382
HND,Honduras,2021,0.6603375246356129
HND,Honduras,2022,0.6749999918334322
HND,Honduras,2023,0.6759396384219676
HRV,Croatia,2013,0.8020546802241767
HRV,Croatia,2014,0.8024751669157666
HRV,Croatia,2015,0.7603345513080799
HRV,Croatia,2016,0.7505271508680484
HRV,Croatia,2017,0.7776556752965693
HRV,Croatia,2018,0.7791892377106752
HRV,Croatia,2019,0.7893883853424869
HRV,Croatia,2020,0.8370348123156572
HRV,Croatia,2021,0.8324964758680624
HRV,Croatia,2022,0.840432935267085
HRV,Croatia,2023,0.8443162765772274
HTI,Haiti,2013,0.4357570221773308
HTI,Haiti,2014,0.43810774315232537
HTI,Haiti,2015,0.4403436474732233
HTI,Haiti,2016,0.42171789772869794
HTI,Haiti,2017,0.4364860012683097
HTI,Haiti,2018,0.44994578437088495
HTI,Haiti,2019,0.4517759914047034
HTI,Haiti,2020,0.5716628043920426
HTI,Haiti,2021,0.5585648213057495
HTI,Haiti,2022,0.5763632634427917
HTI,Haiti,2023,0.5850806577749015
HUN,Hungary,2013,0.7193080915075352
HUN,Hungary,2014,0.7253486588781636
HUN,Hungary,2015,0.7244823803693902
HUN,Hungary,2016,0.7262644930645856
HUN,Hungary,2017,0.7253539346936125
HUN,Hungary,2018,0.7386333174520698
HUN,Hungary,2019,0.7396728427990973
HUN,Hungary,2020,0.7336576676165136
HUN,Hungary,2021,0.7334631455188876
HUN,Hungary,2022,0.7461203672633498
HUN,Hungary,2023,0.7499143200362215
IDN,Indonesia,2013,0.5714104119993528
IDN,Indonesia,2014,0.5662120749906905
IDN,Indonesia,2015,0.5692476560168105
IDN,Indonesia,2016,0.5715172130798003
IDN,Indonesia,2017,0.586656913006115
IDN,Indonesia,2018,0.5883279257311829
IDN,Indonesia,2019,0.5789999684478555
IDN,Indonesia,2020,0.5869034878889396
IDN,Indonesia,2021,0.582152112120175
IDN,Indonesia,2022,0.6041429939792531
IDN,Indonesia,2023,0.6352417608714731
IND,India,2013,0.5489395800783221
IND,India,2014,0.5556132561731018
IND,India,2015,0.5642029804002019
IND,India,2016,0.567471058204809
IND,India,2017,0.5682397130238381
IND,India,2018,0.582382122709355
IND,India,2019,0.6118888664364658
IND,India,2020,0.6101364521187311
IND,India,2021,0.6086395850842288
IND,India,2022,0.6315209651151695
IND,India,2023,0.6347464122183615
IRL,Ireland,2013,0.7806202680204091
IRL,Ireland,2014,0.782562631378765
IRL,Ireland,2015,0.7856184106615861
IRL,Ireland,2016,0.8144306242342767
IRL,Ireland,2017,0.816366024234592
IRL,Ireland,2018,0.8293099491717089
IRL,Ireland,2019,0.831679484794611
IRL,Ireland,2020,0.8321523393869049
IRL,Ireland,2021,0.8441691101063846
IRL,Ireland,2022,0.8477916592064801
IRL,Ireland,2023,0.8492258490418924
IRN,"Iran, Islamic Rep.",2013,0.3563983953617734
IRN,"Iran, Islamic Rep.",2014,0.3576891615985333
IRN,"Iran, Islamic Rep.",2015,0.3717196390017599
IRN,"Iran, Islamic Rep.",2016,0.3863151962724207
IRN,"Iran, Islamic Rep.",2017,0.38767727174574074
IRN,"Iran, Islamic Rep.",2018,0.3894841507567778
IRN,"Iran, Islamic Rep.",2019,0.39177532932316167
IRN,"Iran, Islamic Rep.",2020,0.3804043912095377
IRN,"Iran, Islamic Rep.",2021,0.3778554026896087
IRN,"Iran, Islamic Rep.",2022,0.3912795297562116
IRN,"Iran, Islamic Rep.",2023,0.3947488431154483
IRQ,Iraq,2013,0.43708898113483396
IRQ,Iraq,2014,0.44133617076258436
IRQ,Iraq,2015,0.4506160106832028
IRQ,Iraq,2016,0.4503153336093332
IRQ,Iraq,2017,0.5087607960816591
IRQ,Iraq,2018,0.5126547052765463
IRQ,Iraq,2019,0.5139327575476418
IRQ,Iraq,2020,0.5164458581843748
IRQ,Iraq,2021,0.5298336811679658
IRQ,Iraq,2022,0.536535341057805
IRQ,Iraq,2023,0.5539766441194296
ISL,Iceland,2013,0.9068088547228623
ISL,Iceland,2014,0.9100109812587176
ISL,Iceland,2015,0.9157011126878882
ISL,Iceland,2016,0.9460396576013507
ISL,Iceland,2017,0.9183298860689489
ISL,Iceland,2018,0.9192334863966456
ISL,Iceland,2019,0.9203725730787216
ISL,Iceland,2020,0.9197045047806077
ISL,Iceland,2021,0.9652738571504113
ISL,Iceland,2022,0.9613010049757476
ISL,Iceland,2023,0.9642530285244163
ISR,Israel,2013,0.7444232556102923
ISR,Israel,2014,0.74506546932255
ISR,Israel,2015,0.764656632379098
ISR,Israel,2016,0.7656737667382867
ISR,Israel,2017,0.770769988518579
ISR,Israel,2018,0.771879002095504
ISR,Israel,2019,0.7523433430618327
ISR,Israel,2020,0.7720725603833287
ISR,Israel,2021,0.7754028161532809
ISR,Israel,2022,0.7526123915399936
ISR,Israel,2023,0.7590434127338981
ITA,Italy,2013,0.8352436759803692
ITA,Italy,2014,0.8493616125111945
ITA,Italy,2015,0.857452954114675
ITA,Italy,2016,0.8602266288148444
ITA,Italy,2017,0.8590676610719004
ITA,Italy,2018,0.8831797887263739
ITA,Italy,2019,0.899427440142873
ITA,Italy,2020,0.8948079155287583
ITA,Italy,2021,0.8965752767546515
ITA,Italy,2022,0.8800113586441278
ITA,Italy,2023,0.8840592375534886
JAM,Jamaica,2013,0.5482908578359047
JAM,Jamaica,2014,0.5484585071628478
JAM,Jamaica,2015,0.5489017750057587
JAM,Jamaica,2016,0.6028789566336267
JAM,Jamaica,2017,0.6030631598555386
JAM,Jamaica,2018,0.6028337185075314
JAM,Jamaica,2019,0.6023522853924362
JAM,Jamaica,2020,0.6545456655237729
JAM,Jamaica,2021,0.6417875495615298
JAM,Jamaica,2022,0.6538271782072667
JAM,Jamaica,2023,0.6544281250700124
JOR,Jordan,2013,0.4119930803758693
JOR,Jordan,2014,0.41309913696511424
JOR,Jordan,2015,0.41567913906247306
JOR,Jordan,2016,0.4342717240721281
JOR,Jordan,2017,0.43726236991501866
JOR,Jordan,2018,0.4398504488255329
JOR,Jordan,2019,0.44201718190878203
JOR,Jordan,2020,0.4636430556535301
JOR,Jordan,2021,0.4876401706046673
JOR,Jordan,2022,0.5047417298750901
JOR,Jordan,2023,0.5079409372215038
JPN,Japan,2013,0.6769489459547272
JPN,Japan,2014,0.6778586337675918
JPN,Japan,2015,0.6850113670482278
JPN,Japan,2016,0.6857648846739572
JPN,Japan,2017,0.6893253296812651
JPN,Japan,2018,0.689671215611581
JPN,Japan,2019,0.6900651884939222
JPN,Japan,2020,0.689600365004674
JPN,Japan,2021,0.6885287418044442
JPN,Japan,2022,0.6885058240835997
JPN,Japan,2023,0.6908647876440006
KAZ,Kazakhstan,2013,0.6648846216462638
KAZ,Kazakhstan,2014,0.6712963616200367
KAZ,Kazakhstan,2015,0.6792843540144569
KAZ,Kazakhstan,2016,0.6867757494732036
KAZ,Kazakhstan,2017,0.673998828534278
KAZ,Kazakhstan,2018,0.6759144899489093
KAZ,Kazakhstan,2019,0.67745382085762
KAZ,Kazakhstan,2020,0.6681564720914352
KAZ,Kazakhstan,2021,0.6632482594593592
KAZ,Kazakhstan,2022,0.6795873053685838
KAZ,Kazakhstan,2023,0.6716979379521666
KEN,Kenya,2013,0.5798799482158197
KEN,Kenya,2014,0.6016857307079547
KEN,Kenya,2015,0.6212223720963876
KEN,Kenya,2016,0.6258085839495469
KEN,Kenya,2017,0.6516322343583616
KEN,Kenya,2018,0.6527142456030992
KEN,Kenya,2019,0.6546770180801664
KEN,Kenya,2020,0.6516867599662657
KEN,Kenya,2021,0.6491023679560707
KEN,Kenya,2022,0.6687349690661526
KEN,Kenya,2023,0.6690166640003163
KGZ,Kyrgyz Republic,2013,0.6725901950122587
KGZ,Kyrgyz Republic,2014,0.6729034960382129
KGZ,Kyrgyz Republic,2015,0.6556319244652319
KGZ,Kyrgyz Republic,2016,0.658256078006121
KGZ,Kyrgyz Republic,2017,0.660930985107227
KGZ,Kyrgyz Republic,2018,0.6611286810758499
KGZ,Kyrgyz Republic,2019,0.6620754964269588
KGZ,Kyrgyz Republic,2020,0.6517246842585535
KGZ,Kyrgyz Republic,2021,0.6708455173770629
KGZ,Kyrgyz Republic,2022,0.6733324418201374
KGZ,Kyrgyz Republic,2023,0.67226269380691
KHM,Cambodia,2013,0.6290237096086901
KHM,Cambodia,2014,0.6313056834904087
KHM,Cambodia,2015,0.6331183971643373
KHM,Cambodia,2016,0.6348758295685976
KHM,Cambodia,2017,0.6362108138944147
KHM,Cambodia,2018,0.6358372481648105
KHM,Cambodia,2019,0.6368388853985636
KHM,Cambodia,2020,0.6366147245882718
KHM,Cambodia,2021,0.6399893611476545
KHM,Cambodia,2022,0.674169052017245
KHM,Cambodia,2023,0.6421136830680443
KIR,Kiribati,2013,0.4880813554390739
KIR,Kiribati,2014,0.48834553015637605
KIR,Kiribati,2015,0.48840338628333124
KIR,Kiribati,2016,0.49066528862647885
KIR,Kiribati,2017,0.5654752687393689
KIR,Kiribati,2018,0.5657452675518089
KIR,Kiribati,2019,0.5661016526918696
KIR,Kiribati,2020,0.5757519519829362
KIR,Kiribati,2021,0.5593779416145679
KIR,Kiribati,2022,0.5700120494549132
KIR,Kiribati,2023,0.5716407405295516
KNA,St. Kitts and Nevis,2013,0.5690877871126147
KNA,St. Kitts and Nevis,2014,0.5693811912819432
KNA,St. Kitts and Nevis,2015,0.6015237044684404
KNA,St. Kitts and Nevis,2016,0.6017982001430446
KNA,St. Kitts and Nevis,2017,0.6020622882220075
KNA,St. Kitts and Nevis,2018,0.6020668017727333
KNA,St. Kitts and Nevis,2019,0.6032628435079815
KNA,St. Kitts and Nevis,2020,0.6573542641501735
KNA,St. Kitts and Nevis,2021,0.6484421151092317
KNA,St. Kitts and Nevis,2022,0.6829902824228055
KNA,St. Kitts and Nevis,2023,0.6915242641079753
KOR,"Korea, Rep.",2013,0.7369565609147691
KOR,"Korea, Rep.",2014,0.7416724955415961
KOR,"Korea, Rep.",2015,0.7427395756730006
KOR,"Korea, Rep.",2016,0.7467939035863089
KOR,"Korea, Rep.",2017,0.7481541997384951
KOR,"Korea, Rep.",2018,0.748193019846401
KOR,"Korea, Rep.",2019,0.748900678381268
KOR,"Korea, Rep.",2020,0.7602272467927638
KOR,"Korea, Rep.",2021,0.7610171744637462
KOR,"Korea, Rep.",2022,0.7713806280223132
KOR,"Korea, Rep.",2023,0.776446071074232
KWT,Kuwait,2013,0.3985033086025713
KWT,Kuwait,2014,0.37798584802743646
KWT,Kuwait,2015,0.37925408423402895
KWT,Kuwait,2016,0.3828934194518331
KWT,Kuwait,2017,0.38902344057326005
KWT,Kuwait,2018,0.39008907400660786
KWT,Kuwait,2019,0.40415557859737816
KWT,Kuwait,2020,0.3847431200046977
KWT,Kuwait,2021,0.37035252358046433
KWT,Kuwait,2022,0.45042520584323426
KWT,Kuwait,2023,0.44529014895612207
LAO,Lao PDR,2013,0.666292474881236
LAO,Lao PDR,2014,0.6706704226342756
LAO,Lao PDR,2015,0.6819487857178351
LAO,Lao PDR,2016,0.6962316693350479
LAO,Lao PDR,2017,0.6980792092990853
LAO,Lao PDR,2018,0.6995375954696272
LAO,Lao PDR,2019,0.7012996293234146
LAO,Lao PDR,2020,0.7073678357646331
LAO,Lao PDR,2021,0.6782019973131947
LAO,Lao PDR,2022,0.6829255319958715
LAO,Lao PDR,2023,0.6846345297545633
LBN,Lebanon,2013,0.47953548826495696
LBN,Lebanon,2014,0.4798969619783543
LBN,Lebanon,2015,0.48032704548823035
LBN,Lebanon,2016,0.49298530796332307
LBN,Lebanon,2017,0.4927808810429485
LBN,Lebanon,2018,0.5002954824476689
LBN,Lebanon,2019,0.5002203178029236
LBN,Lebanon,2020,0.4934224718079092
LBN,Lebanon,2021,0.4826408086443131
LBN,Lebanon,2022,0.5384550200997205
LBN,Lebanon,2023,0.5379658079563665
LBR,Liberia,2013,0.4281839468815556
LBR,Liberia,2014,0.42094780594832826
LBR,Liberia,2015,0.4225669952121012
LBR,Liberia,2016,0.433780140546392
LBR,Liberia,2017,0.5049381854540045
LBR,Liberia,2018,0.5179023994881968
LBR,Liberia,2019,0.5329431264338756
LBR,Liberia,2020,0.5354014745924289
LBR,Liberia,2021,0.5287662729179089
LBR,Liberia,2022,0.534302210220229
LBR,Liberia,2023,0.536035197438244
LBY,Libya,2013,0.5249754637148027
LBY,Libya,2014,0.5201631680687335
LBY,Libya,2015,0.5213840030447677
LBY,Libya,2016,0.5223028243496793
LBY,Libya,2017,0.5251681215227532
LBY,Libya,2018,0.5267967500308973
LBY,Libya,2019,0.5265867839054499
LBY,Libya,2020,0.5243086866335799
LBY,Libya,2021,0.5207469803287452
LBY,Libya,2022,0.5341688493450509
LBY,Libya,2023,0.5120519767637637
LCA,St. Lucia,2013,0.6854134500950941
LCA,St. Lucia,2014,0.686127472592955
LCA,St. Lucia,2015,0.687864999837579
LCA,St. Lucia,2016,0.68748086795062
LCA,St. Lucia,2017,0.6886623155927718
LCA,St. Lucia,2018,0.6898935112446767
LCA,St. Lucia,2019,0.6891595256007185
LCA,St. Lucia,2020,0.6900574949518372
LCA,St. Lucia,2021,0.6488934692467638
LCA,St. Lucia,2022,0.6647709237215902
LCA,St. Lucia,2023,0.6653360301777558
LKA,Sri Lanka,2013,0.5517241573930217
LKA,Sri Lanka,2014,0.5532616343373179
LKA,Sri Lanka,2015,0.5503487117681889
LKA,Sri Lanka,2016,0.5552353097168448
LKA,Sri Lanka,2017,0.5557508070142914
LKA,Sri Lanka,2018,0.5567962914402466
LKA,Sri Lanka,2019,0.5553747023560609
LKA,Sri Lanka,2020,0.5562444992911358
LKA,Sri Lanka,2021,0.5533706901462531
LKA,Sri Lanka,2022,0.5576314936600062
LKA,Sri Lanka,2023,0.5709921948342583
LSO,Lesotho,2013,0.5573194206231565
LSO,Lesotho,2014,0.567122049353606
LSO,Lesotho,2015,0.5683680857494418
LSO,Lesotho,2016,0.5757592562118902
LSO,Lesotho,2017,0.5693935952764496
LSO,Lesotho,2018,0.5725887105847298
LSO,Lesotho,2019,0.583299408854659
LSO,Lesotho,2020,0.5803297035531633
LSO,Lesotho,2021,0.574531370264572
LSO,Lesotho,2022,0.6054351279741016
LSO,Lesotho,2023,0.6079565491590568
LTU,Lithuania,2013,0.7920407892839175
LTU,Lithuania,2014,0.7943744342432435
LTU,Lithuania,2015,0.7897220484903822
LTU,Lithuania,2016,0.7814433958406688
LTU,Lithuania,2017,0.7841205612922496
LTU,Lithuania,2018,0.7852793545794304
LTU,Lithuania,2019,0.7878265070534775
LTU,Lithuania,2020,0.8109635003756975
LTU,Lithuania,2021,0.8105640762850103
LTU,Lithuania,2022,0.8196220432297191
LTU,Lithuania,2023,0.8253502678973484
LUX,Luxembourg,2013,0.8567956174174287
LUX,Luxembourg,2014,0.8602116002778977
LUX,Luxembourg,2015,0.8595195197930603
LUX,Luxembourg,2016,0.8742396353710217
LUX,Luxembourg,2017,0.8712681191906457
LUX,Luxembourg,2018,0.8332061509399004
LUX,Luxembourg,2019,0.8583827325832452
LUX,Luxembourg,2020,0.8801825188534551
LUX,Luxembourg,2021,0.9052694593086444
LUX,Luxembourg,2022,0.898677648697118
LUX,Luxembourg,2023,0.8989709214396542
LVA,Latvia,2013,0.8019425936958549
LVA,Latvia,2014,0.7797896437764391
LVA,Latvia,2015,0.7935502899978997
LVA,Latvia,2016,0.7946915488911174
LVA,Latvia,2017,0.7860707748962193
LVA,Latvia,2018,0.8577575806150848
LVA,Latvia,2019,0.855085639310494
LVA,Latvia,2020,0.8551470488959009
LVA,Latvia,2021,0.8415367333469803
LVA,Latvia,2022,0.8525531923041347
LVA,Latvia,2023,0.868228460531342
MAR,Morocco,2013,0.6294223356873478
MAR,Morocco,2014,0.6316801082954635
MAR,Morocco,2015,0.6335588225717736
MAR,Morocco,2016,0.6519637945620235
MAR,Morocco,2017,0.6541178612753198
MAR,Morocco,2018,0.6560388373349828
MAR,Morocco,2019,0.6702026483893216
MAR,Morocco,2020,0.6669186323993052
MAR,Morocco,2021,0.6776064747445796
MAR,Morocco,2022,0.6916749140875127
MAR,Morocco,2023,0.6937565900783174
MDA,Moldova,2013,0.689831389316023
MDA,Moldova,2014,0.678514284431271
MDA,Moldova,2015,0.6964107909826371
MDA,Moldova,2016,0.6967997901960205
MDA,Moldova,2017,0.7035159924835936
MDA,Moldova,2018,0.7158709601314293
MDA,Moldova,2019,0.7463186383199604
MDA,Moldova,2020,0.7406133421591445
MDA,Moldova,2021,0.8075942975269349
MDA,Moldova,2022,0.8241388655857111
MDA,Moldova,2023,0.8126567589550955
MDG,Madagascar,2013,0.4727680259791702
MDG,Madagascar,2014,0.48760892310927983
MDG,Madagascar,2015,0.5198244492483204
MDG,Madagascar,2016,0.5204585077005519
MDG,Madagascar,2017,0.5140003887939393
MDG,Madagascar,2018,0.5142540091459544
MDG,Madagascar,2019,0.498946865514471
MDG,Madagascar,2020,0.5071446447018167
MDG,Madagascar,2021,0.5182058445233575
MDG,Madagascar,2022,0.5256668284886457
MDG,Madagascar,2023,0.5281307361477288
MDV,Maldives,2013,0.5675973022243657
MDV,Maldives,2014,0.5665204403781907
MDV,Maldives,2015,0.5998363029260321
MDV,Maldives,2016,0.6014326366235128
MDV,Maldives,2017,0.6032119257650581
MDV,Maldives,2018,0.620418859723149
MDV,Maldives,2019,0.6160222473221579
MDV,Maldives,2020,0.6116992536579617
MDV,Maldives,2021,0.6085817386523467
MDV,Maldives,2022,0.6207046668072089
MDV,Maldives,2023,0.6219500244486404
MEX,Mexico,2013,0.7398569923663725
MEX,Mexico,2014,0.7850335434420328
MEX,Mexico,2015,0.8261788680746097
MEX,Mexico,2016,0.8275073476462753
MEX,Mexico,2017,0.8288214366311164
MEX,Mexico,2018,0.8559648529052027
MEX,Mexico,2019,0.8570348919733303
MEX,Mexico,2020,0.8423468876587106
MEX,Mexico,2021,0.8457558120014994
MEX,Mexico,2022,0.864349531488454
MEX,Mexico,2023,0.8685717078611923
MHL,Marshall Islands,2013,0.4304179378390838
MHL,Marshall Islands,2014,0.4315959882703002
MHL,Marshall Islands,2015,0.462114650564541
MHL,Marshall Islands,2016,0.46296765902296594
MHL,Marshall Islands,2017,0.463705652337632
MHL,Marshall Islands,2018,0.46525767115767924
MHL,Marshall Islands,2019,0.45212016258490495
MHL,Marshall Islands,2020,0.450200264158068
MHL,Marshall Islands,2021,0.49518919355258495
MHL,Marshall Islands,2022,0.5019325871620727
MHL,Marshall Islands,2023,0.5321549676331493
MKD,North Macedonia,2013,0.7802481430684072
MKD,North Macedonia,2014,0.7764485787138858
MKD,North Macedonia,2015,0.7766411476680142
MKD,North Macedonia,2016,0.7895324622882585
MKD,North Macedonia,2017,0.8112968770022455
MKD,North Macedonia,2018,0.8183197066042509
MKD,North Macedonia,2019,0.8219245840590832
MKD,North Macedonia,2020,0.8139939811343024
MKD,North Macedonia,2021,0.8215222906883926
MKD,North Macedonia,2022,0.8270674708597416
MKD,North Macedonia,2023,0.8349242633350478
MLI,Mali,2013,0.37205999316416466
MLI,Mali,2014,0.37044373708118983
MLI,Mali,2015,0.3705523572038969
MLI,Mali,2016,0.37402443167009247
MLI,Mali,2017,0.3771189893116626
MLI,Mali,2018,0.3811220718173905
MLI,Mali,2019,0.4359571808378079
MLI,Mali,2020,0.5226940432734246
MLI,Mali,2021,0.5204312749633642
MLI,Mali,2022,0.5331171226602786
MLI,Mali,2023,0.5359649668408638
MLT,Malta,2013,0.7129785475180495
MLT,Malta,2014,0.7143405113747503
MLT,Malta,2015,0.7072914761938077
MLT,Malta,2016,0.7398062779273913
MLT,Malta,2017,0.7360806040726229
MLT,Malta,2018,0.7354922805441634
MLT,Malta,2019,0.7506655150805102
MLT,Malta,2020,0.7424735461808762
MLT,Malta,2021,0.7424117957819603
MLT,Malta,2022,0.8117991265639019
MLT,Malta,2023,0.8277708924533602
MMR,Myanmar,2013,0.44581756761025215
MMR,Myanmar,2014,0.4707312379845088
MMR,Myanmar,2015,0.5055921530723612
MMR,Myanmar,2016,0.4942508675797873
MMR,Myanmar,2017,0.49678991598671113
MMR,Myanmar,2018,0.49857321100755525
MMR,Myanmar,2019,0.5053292656655466
MMR,Myanmar,2020,0.5318525964477272
MMR,Myanmar,2021,0.5190823033667877
MMR,Myanmar,2022,0.6128311599624952
MMR,Myanmar,2023,0.6163284480691571
MNE,Montenegro,2013,0.6682494242004049
MNE,Montenegro,2014,0.6895067268534489
MNE,Montenegro,2015,0.6896704039445817
MNE,Montenegro,2016,0.7196328986561786
MNE,Montenegro,2017,0.7207360766304107
MNE,Montenegro,2018,0.7253348698631841
MNE,Montenegro,2019,0.7440720687146705
MNE,Montenegro,2020,0.711863198568065
MNE,Montenegro,2021,0.7474179052652843
MNE,Montenegro,2022,0.7671309861972846
MNE,Montenegro,2023,0.7439814940191836
MNG,Mongolia,2013,0.6554043460994378
MNG,Mongolia,2014,0.6576499851898492
MNG,Mongolia,2015,0.6565542881109311
MNG,Mongolia,2016,0.6658351637089592
MNG,Mongolia,2017,0.6674537794350546
MNG,Mongolia,2018,0.6815005712961137
MNG,Mongolia,2019,0.6963265371736054
MNG,Mongolia,2020,0.6986308173776867
MNG,Mongolia,2021,0.6990599501933462
MNG,Mongolia,2022,0.7019998771489704
MNG,Mongolia,2023,0.7311313630879195
MOZ,Mozambique,2013,0.6527120219140368
MOZ,Mozambique,2014,0.5438917276882802
MOZ,Mozambique,2015,0.6595776636925301
MOZ,Mozambique,2016,0.6634203325862587
MOZ,Mozambique,2017,0.6671267375695136
MOZ,Mozambique,2018,0.6716952239803116
MOZ,Mozambique,2019,0.6993015115476632
MOZ,Mozambique,2020,0.7074435766937592
MOZ,Mozambique,2021,0.7008755954067938
MOZ,Mozambique,2022,0.716241568032379
MOZ,Mozambique,2023,0.7234032788079399
MRT,Mauritania,2013,0.4319276094316674
MRT,Mauritania,2014,0.4413534007699118
MRT,Mauritania,2015,0.4435939934107438
MRT,Mauritania,2016,0.47705367175980684
MRT,Mauritania,2017,0.47866289503834214
MRT,Mauritania,2018,0.45798694701726317
MRT,Mauritania,2019,0.46012874746531635
MRT,Mauritania,2020,0.45855249759837224
MRT,Mauritania,2021,0.4578719261972348
MRT,Mauritania,2022,0.46660060097284783
MRT,Mauritania,2023,0.4824427852424371
MUS,Mauritius,2013,0.7060742792676742
MUS,Mauritius,2014,0.7071900808691722
MUS,Mauritius,2015,0.6898832760032719
MUS,Mauritius,2016,0.6897589787873859
MUS,Mauritius,2017,0.7022986827514411
MUS,Mauritius,2018,0.7020035983774322
MUS,Mauritius,2019,0.7411490362332234
MUS,Mauritius,2020,0.741746940770703
MUS,Mauritius,2021,0.7392948345862653
MUS,Mauritius,2022,0.740336102759921
MUS,Mauritius,2023,0.7395691670994514
MWI,Malawi,2013,0.5337335559782849
MWI,Malawi,2014,0.5457419307849671
MWI,Malawi,2015,0.5506697465007623
MWI,Malawi,2016,0.5702274229528246
MWI,Malawi,2017,0.5755253947079828
MWI,Malawi,2018,0.5795691551870416
MWI,Malawi,2019,0.6120764263042762
MWI,Malawi,2020,0.6141452408389814
MWI,Malawi,2021,0.6113529029886979
MWI,Malawi,2022,0.6191889315221775
MWI,Malawi,2023,0.6274575625728878
MYS,Malaysia,2013,0.5081586553462867
MYS,Malaysia,2014,0.5079241605915829
MYS,Malaysia,2015,0.5081788093890186
MYS,Malaysia,2016,0.509023940719137
MYS,Malaysia,2017,0.5100201286672716
MYS,Malaysia,2018,0.5276184678296892
MYS,Malaysia,2019,0.5308949851035938
MYS,Malaysia,2020,0.5338779896428955
MYS,Malaysia,2021,0.5251133367146247
MYS,Malaysia,2022,0.5256697561565477
MYS,Malaysia,2023,0.5305905450872527
NAM,Namibia,2013,0.6137417097194334
NAM,Namibia,2014,0.6093459918538972
NAM,Namibia,2015,0.7066350823123202
NAM,Namibia,2016,0.7137404946395854
NAM,Namibia,2017,0.7196343860759209
NAM,Namibia,2018,0.7471070182491093
NAM,Namibia,2019,0.7366326287275883
NAM,Namibia,2020,0.7442317302422871
NAM,Namibia,2021,0.7302575441694967
NAM,Namibia,2022,0.7512234843829888
NAM,Namibia,2023,0.7629843921466986
NER,Niger,2013,0.3854697538586983
NER,Niger,2014,0.38855832012121416
NER,Niger,2015,0.3908061242612553
NER,Niger,2016,0.39992171775730617
NER,Niger,2017,0.4130698209145898
NER,Niger,2018,0.41488248498459523
NER,Niger,2019,0.43495989663088175
NER,Niger,2020,0.4378097673107356
NER,Niger,2021,0.479341105118443
NER,Niger,2022,0.48507020100814946
NER,Niger,2023,0.4345515920353775
NGA,Nigeria,2013,0.36097013629157554
NGA,Nigeria,2014,0.3625641604975675
NGA,Nigeria,2015,0.36067106832564055
NGA,Nigeria,2016,0.364191395103407
NGA,Nigeria,2017,0.36694620001815415
NGA,Nigeria,2018,0.36907603204458866
NGA,Nigeria,2019,0.36100309242370093
NGA,Nigeria,2020,0.38062078308991565
NGA,Nigeria,2021,0.36590782302826885
NGA,Nigeria,2022,0.38613036221672525
NGA,Nigeria,2023,0.3906333181065521
NIC,Nicaragua,2013,0.7126460915936874
NIC,Nicaragua,2014,0.7240380503732293
NIC,Nicaragua,2015,0.7354284921274458
NIC,Nicaragua,2016,0.8106177139695523
NIC,Nicaragua,2017,0.8119406033838086
NIC,Nicaragua,2018,0.8148347717077324
NIC,Nicaragua,2019,0.8093974346296555
NIC,Nicaragua,2020,0.8112949531325953
NIC,Nicaragua,2021,0.8235627910590764
NIC,Nicaragua,2022,0.846912990126713
NIC,Nicaragua,2023,0.8490201890070388
NLD,Netherlands,2013,0.8919769246335276
NLD,Netherlands,2014,0.8934697722178842
NLD,Netherlands,2015,0.8864448067150357
NLD,Netherlands,2016,0.8991263557030171
NLD,Netherlands,2017,0.8936720492093716
NLD,Netherlands,2018,0.8938344240349696
NLD,Netherlands,2019,0.873017534766976
NLD,Netherlands,2020,0.8800062919219054
NLD,Netherlands,2021,0.9079787131910562
NLD,Netherlands,2022,0.9151490978444088
NLD,Netherlands,2023,0.9257168615548941
NOR,Norway,2013,0.9074705219656054
NOR,Norway,2014,0.909131718991476
NOR,Norway,2015,0.9097194731366511
NOR,Norway,2016,0.9101715392260742
NOR,Norway,2017,0.9194209845580076
NOR,Norway,2018,0.9202585526551631
NOR,Norway,2019,0.9183657863786101
NOR,Norway,2020,0.9221765344975006
NOR,Norway,2021,0.9384617864437574
NOR,Norway,2022,0.9363469490070199
NOR,Norway,2023,0.9440599036056736
NPL,Nepal,2013,0.5212720812779971
NPL,Nepal,2014,0.5238279891942027
NPL,Nepal,2015,0.5239048209823132
NPL,Nepal,2016,0.5618993532793155
NPL,Nepal,2017,0.5651523818773112
NPL,Nepal,2018,0.5832031487492122
NPL,Nepal,2019,0.666665960675835
NPL,Nepal,2020,0.7117189267286163
NPL,Nepal,2021,0.7081029261551208
NPL,Nepal,2022,0.718338746231096
NPL,Nepal,2023,0.7196145586154639
NZL,New Zealand,2013,0.839438037052948
NZL,New Zealand,2014,0.8288596016507644
NZL,New Zealand,2015,0.8373053688053922
NZL,New Zealand,2016,0.8383171764419503
NZL,New Zealand,2017,0.8721993706908877
NZL,New Zealand,2018,0.8848663995812371
NZL,New Zealand,2019,0.8981670121907726
NZL,New Zealand,2020,0.9347119598073154
NZL,New Zealand,2021,0.9543527095280233
NZL,New Zealand,2022,0.9583291065303348
NZL,New Zealand,2023,0.934508997688664
OMN,Oman,2013,0.38833532975652424
OMN,Oman,2014,0.38967330856068355
OMN,Oman,2015,0.3908546425182317
OMN,Oman,2016,0.39217972427345055
OMN,Oman,2017,0.393229814918435
OMN,Oman,2018,0.3943624777797573
OMN,Oman,2019,0.4010232283813886
OMN,Oman,2020,0.39178562442336873
OMN,Oman,2021,0.3828633098192658
OMN,Oman,2022,0.4091495928245407
OMN,Oman,2023,0.4069144514291268
PAK,Pakistan,2013,0.46390374276766033
PAK,Pakistan,2014,0.4783554667567297
PAK,Pakistan,2015,0.4795899815026865
PAK,Pakistan,2016,0.4817171554104439
PAK,Pakistan,2017,0.48344059897291525
PAK,Pakistan,2018,0.498986454975177
PAK,Pakistan,2019,0.5130892617967426
PAK,Pakistan,2020,0.5095442031821604
PAK,Pakistan,2021,0.5246067322426775
PAK,Pakistan,2022,0.5345027847388653
PAK,Pakistan,2023,0.5517624988825609
PAN,Panama,2013,0.5936906330045773
PAN,Panama,2014,0.6467160311898803
PAN,Panama,2015,0.659376616925226
PAN,Panama,2016,0.6619347988161997
PAN,Panama,2017,0.663405420910486
PAN,Panama,2018,0.6793810120121466
PAN,Panama,2019,0.6957398908068375
PAN,Panama,2020,0.6956250632311094
PAN,Panama,2021,0.700334265247567
PAN,Panama,2022,0.7097945702558293
PAN,Panama,2023,0.7111038735207866
PER,Peru,2013,0.7491424538812215
PER,Peru,2014,0.7561578000645846
PER,Peru,2015,0.7587593597903215
PER,Peru,2016,0.7857080152409023
PER,Peru,2017,0.7994141277561767
PER,Peru,2018,0.8001728413186138
PER,Peru,2019,0.8131788823184023
PER,Peru,2020,0.7891181254418793
PER,Peru,2021,0.8405162460180302
PER,Peru,2022,0.8616787944330635
PER,Peru,2023,0.8620670510736489
PHL,Philippines,2013,0.6876395246221586
PHL,Philippines,2014,0.6889436623283558
PHL,Philippines,2015,0.6896924540754457
PHL,Philippines,2016,0.7038829341765136
PHL,Philippines,2017,0.7063987596345961
PHL,Philippines,2018,0.7060306757262139
PHL,Philippines,2019,0.7004993990460641
PHL,Philippines,2020,0.7030336087885609
PHL,Philippines,2021,0.6877710064217093
PHL,Philippines,2022,0.698942455915751
PHL,Philippines,2023,0.7008998929158261
PLW,Palau,2013,0.445933761929844
PLW,Palau,2014,0.45933370644796045
PLW,Palau,2015,0.4599577148148938
PLW,Palau,2016,0.5176218460962829
PLW,Palau,2017,0.5170956801918705
PLW,Palau,2018,0.5166239919458535
PLW,Palau,2019,0.5160402178985528
PLW,Palau,2020,0.4839662202751175
PLW,Palau,2021,0.4831976380488564
PLW,Palau,2022,0.4835932256437651
PLW,Palau,2023,0.48659755607554056
PNG,Papua New Guinea,2013,0.43328220389628613
PNG,Papua New Guinea,2014,0.4361552887157132
PNG,Papua New Guinea,2015,0.45155462929048973
PNG,Papua New Guinea,2016,0.4538328931721133
PNG,Papua New Guinea,2017,0.4426759971075569
PNG,Papua New Guinea,2018,0.44369770161547284
PNG,Papua New Guinea,2019,0.4452684477968829
PNG,Papua New Guinea,2020,0.4451789392524024
PNG,Papua New Guinea,2021,0.440690424035454
PNG,Papua New Guinea,2022,0.45442963171735473
PNG,Papua New Guinea,2023,0.462462295608986
POL,Poland,2013,0.7558133455629523
POL,Poland,2014,0.7580902278816679
POL,Poland,2015,0.7722860121444817
POL,Poland,2016,0.7739399961005882
POL,Poland,2017,0.7767725959358023
POL,Poland,2018,0.8235322928559738
POL,Poland,2019,0.8279622294657681
POL,Poland,2020,0.8231666456525187
POL,Poland,2021,0.8179386540767662
POL,Poland,2022,0.8243603322326932
POL,Poland,2023,0.8343853276730353
PRI,Puerto Rico,2013,0.8413433668323272
PRI,Puerto Rico,2014,0.8431514856450033
PRI,Puerto Rico,2015,0.8520097912844729
PRI,Puerto Rico,2016,0.8533502498087993
PRI,Puerto Rico,2017,0.8464135398505891
PRI,Puerto Rico,2018,0.8670380735246794
PRI,Puerto Rico,2019,0.8713689523278728
PRI,Puerto Rico,2020,0.8638211220150667
PRI,Puerto Rico,2021,0.8712790191366827
PRI,Puerto Rico,2022,0.8692063472947784
PRI,Puerto Rico,2023,0.889117641573369
PRT,Portugal,2013,0.8674925519490322
PRT,Portugal,2014,0.8694428801556984
PRT,Portugal,2015,0.885913271733566
PRT,Portugal,2016,0.885983360867999
PRT,Portugal,2017,0.8871071816278955
PRT,Portugal,2018,0.8867526537591193
PRT,Portugal,2019,0.9063465172579572
PRT,Portugal,2020,0.9237798654405324
PRT,Portugal,2021,0.9241325516483869
PRT,Portugal,2022,0.9103288871504431
PRT,Portugal,2023,0.9086906001650821
PRY,Paraguay,2013,0.7159163389023095
PRY,Paraguay,2014,0.7054818017134608
PRY,Paraguay,2015,0.7061243455239656
PRY,Paraguay,2016,0.7066755234960097
PRY,Paraguay,2017,0.7137145780409482
PRY,Paraguay,2018,0.7203945068164261
PRY,Paraguay,2019,0.7210046470447363
PRY,Paraguay,2020,0.7235033159873268
PRY,Paraguay,2021,0.7021350451009013
PRY,Paraguay,2022,0.727607868820839
PRY,Paraguay,2023,0.7583699692348556
PSE,West Bank and Gaza,2013,0.5099616894415351
PSE,West Bank and Gaza,2014,0.5036492050972838
PSE,West Bank and Gaza,2015,0.5153594199317375
PSE,West Bank and Gaza,2016,0.5195986791181287
PSE,West Bank and Gaza,2017,0.5239305998173656
PSE,West Bank and Gaza,2018,0.5865353874637476
PSE,West Bank and Gaza,2019,0.5910792754110983
PSE,West Bank and Gaza,2020,0.5276659896507394
PSE,West Bank and Gaza,2021,0.5188557217781757
PSE,West Bank and Gaza,2022,0.5416946924561115
PSE,West Bank and Gaza,2023,0.47023658452289235
QAT,Qatar,2013,0.37580266680678936
QAT,Qatar,2014,0.3777712478612988
QAT,Qatar,2015,0.3794183903459712
QAT,Qatar,2016,0.38130185229572566
QAT,Qatar,2017,0.42871117501220735
QAT,Qatar,2018,0.4300718311786151
QAT,Qatar,2019,0.43130368304362365
QAT,Qatar,2020,0.42321824509998285
QAT,Qatar,2021,0.3999399957852768
QAT,Qatar,2022,0.40222388963775724
QAT,Qatar,2023,0.4044550753102056
ROU,Romania,2013,0.7180346221752222
ROU,Romania,2014,0.7179840290220723
ROU,Romania,2015,0.7186733961527458
ROU,Romania,2016,0.7196211529261134
ROU,Romania,2017,0.752150240276687
ROU,Romania,2018,0.7534025303643583
ROU,Romania,2019,0.76086429558883
ROU,Romania,2020,0.7563469069357789
ROU,Romania,2021,0.7348167195770523
ROU,Romania,2022,0.7469979698176381
ROU,Romania,2023,0.752146201161255
RUS,Russian Federation,2013,0.6211799308598449
RUS,Russian Federation,2014,0.6222070925504798
RUS,Russian Federation,2015,0.6244840638596296
RUS,Russian Federation,2016,0.6229990856896888
RUS,Russian Federation,2017,0.6417580851787682
RUS,Russian Federation,2018,0.6433419178935338
RUS,Russian Federation,2019,0.6454702900736546
RUS,Russian Federation,2020,0.6386860342752165
RUS,Russian Federation,2021,0.6344521700604695
RUS,Russian Federation,2022,0.6461596850442084
RUS,Russian Federation,2023,0.6506429948357522
RWA,Rwanda,2013,0.7521479986555363
RWA,Rwanda,2014,0.7552970905124925
RWA,Rwanda,2015,0.7575850590421044
RWA,Rwanda,2016,0.760464571251967
RWA,Rwanda,2017,0.763204984867309
RWA,Rwanda,2018,0.7930925558726271
RWA,Rwanda,2019,0.7951092342693665
RWA,Rwanda,2020,0.8124303234470261
RWA,Rwanda,2021,0.82449121076585
RWA,Rwanda,2022,0.8283076902812994
RWA,Rwanda,2023,0.8296835071629973
SAU,Saudi Arabia,2013,0.4531585804906746
SAU,Saudi Arabia,2014,0.4552269650667923
SAU,Saudi Arabia,2015,0.47013387967697534
SAU,Saudi Arabia,2016,0.47212289550260456
SAU,Saudi Arabia,2017,0.47352754385072915
SAU,Saudi Arabia,2018,0.47394993743360436
SAU,Saudi Arabia,2019,0.5046083039798078
SAU,Saudi Arabia,2020,0.6655578711799031
SAU,Saudi Arabia,2021,0.7113889885055837
SAU,Saudi Arabia,2022,0.7125702973458949
SAU,Saudi Arabia,2023,0.6731835167646798
SDN,Sudan,2013,0.3838407100972427
SDN,Sudan,2014,0.3859486372799673
SDN,Sudan,2015,0.41749515392365266
SDN,Sudan,2016,0.42011448792678285
SDN,Sudan,2017,0.42291884259486967
SDN,Sudan,2018,0.4255329082004
SDN,Sudan,2019,0.42054607240479563
SDN,Sudan,2020,0.41599346363048884
SDN,Sudan,2021,0.4238849820832432
SDN,Sudan,2022,0.43944569322730853
SDN,Sudan,2023,0.4475822700008362
SEN,Senegal,2013,0.6449739021087805
SEN,Senegal,2014,0.6513699271602864
SEN,Senegal,2015,0.651251606057993
SEN,Senegal,2016,0.6534777873325257
SEN,Senegal,2017,0.65305230188755
SEN,Senegal,2018,0.6563208216678207
SEN,Senegal,2019,0.659527326037991
SEN,Senegal,2020,0.6676897871730636
SEN,Senegal,2021,0.680509621500378
SEN,Senegal,2022,0.6921478048638033
SEN,Senegal,2023,0.7319357844100591
SGP,Singapore,2013,0.709596913126723
SGP,Singapore,2014,0.7154688049981246
SGP,Singapore,2015,0.7666602897447621
SGP,Singapore,2016,0.7662066989743267
SGP,Singapore,2017,0.7636772796867685
SGP,Singapore,2018,0.7642383517122249
SGP,Singapore,2019,0.7656255846417663
SGP,Singapore,2020,0.7956769382800037
SGP,Singapore,2021,0.7952793707425629
SGP,Singapore,2022,0.7903025840657971
SGP,Singapore,2023,0.7919624710591853
SLB,Solomon Islands,2013,0.4395376461712228
SLB,Solomon Islands,2014,0.43945847139046484
SLB,Solomon Islands,2015,0.44096586999915494
SLB,Solomon Islands,2016,0.4546399171576183
SLB,Solomon Islands,2017,0.4558965393246606
SLB,Solomon Islands,2018,0.45757916268666676
SLB,Solomon Islands,2019,0.4686466754116334
SLB,Solomon Islands,2020,0.47777311944729955
SLB,Solomon Islands,2021,0.4822915084601226
SLB,Solomon Islands,2022,0.4898375850450116
SLB,Solomon Islands,2023,0.4908622867327013
SLE,Sierra Leone,2013,0.40861663485710986
SLE,Sierra Leone,2014,0.4103663661484635
SLE,Sierra Leone,2015,0.4239223792807968
SLE,Sierra Leone,2016,0.43727371144610483
SLE,Sierra Leone,2017,0.4454377461834458
SLE,Sierra Leone,2018,0.4565223011563213
SLE,Sierra Leone,2019,0.4610362161836896
SLE,Sierra Leone,2020,0.4650919175951631
SLE,Sierra Leone,2021,0.5003461034200346
SLE,Sierra Leone,2022,0.5231216939901826
SLE,Sierra Leone,2023,0.6014601955238148
SLV,El Salvador,2013,0.7162558187825778
SLV,El Salvador,2014,0.7219808240752346
SLV,El Salvador,2015,0.7565335185662536
SLV,El Salvador,2016,0.7582808256612353
SLV,El Salvador,2017,0.7725002737524578
SLV,El Salvador,2018,0.7691573493451148
SLV,El Salvador,2019,0.7701027538383648
SLV,El Salvador,2020,0.7760089977269755
SLV,El Salvador,2021,0.7463932822973125
SLV,El Salvador,2022,0.7552405509907819
SLV,El Salvador,2023,0.755923505072678
SMR,San Marino,2013,0.7324376435980907
SMR,San Marino,2014,0.7333604145150743
SMR,San Marino,2015,0.7262173961592444
SMR,San Marino,2016,0.7580359497848667
SMR,San Marino,2017,0.7739449035494887
SMR,San Marino,2018,0.7741719719319997
SMR,San Marino,2019,0.766576777450299
SMR,San Marino,2020,0.7966735505070961
SMR,San Marino,2021,0.7991201107007557
SMR,San Marino,2022,0.8055542625572902
SMR,San Marino,2023,0.831332444358658
SOM,Somalia,2013,0.33139051886963133
SOM,Somalia,2014,0.3360800737021238
SOM,Somalia,2015,0.3407688783133499
SOM,Somalia,2016,0.3241962629898333
SOM,Somalia,2017,0.3851162520642819
SOM,Somalia,2018,0.3950215794723405
SOM,Somalia,2019,0.4091260654112288
SOM,Somalia,2020,0.40938487988911065
SOM,Somalia,2021,0.40056105925650276
SOM,Somalia,2022,0.37910977321250794
SOM,Somalia,2023,0.4024326374742455
SRB,Serbia,2013,0.8481513830967234
SRB,Serbia,2014,0.8524819381243373
SRB,Serbia,2015,0.8526810262936759
SRB,Serbia,2016,0.8390156463981772
SRB,Serbia,2017,0.8405522251320466
SRB,Serbia,2018,0.8421660920108351
SRB,Serbia,2019,0.8580745101445821
SRB,Serbia,2020,0.8585333793374833
SRB,Serbia,2021,0.8531507323774361
SRB,Serbia,2022,0.8501278850988454
SRB,Serbia,2023,0.8454612385789342
SSD,South Sudan,2013,0.4325612092273152
SSD,South Sudan,2014,0.3924345793366652
SSD,South Sudan,2015,0.39369585573825966
SSD,South Sudan,2016,0.40370478040821245
SSD,South Sudan,2017,0.40444221869348645
SSD,South Sudan,2018,0.415998108164503
SSD,South Sudan,2019,0.5391682046080999
SSD,South Sudan,2020,0.5393598503150568
SSD,South Sudan,2021,0.5544708859792384
SSD,South Sudan,2022,0.5585366735762607
SSD,South Sudan,2023,0.561498238438097
STP,Sao Tome and Principe,2013,0.49313943619608314
STP,Sao Tome and Principe,2014,0.5292138095738811
STP,Sao Tome and Principe,2015,0.5333292533577859
STP,Sao Tome and Principe,2016,0.5691130108367176
STP,Sao Tome and Principe,2017,0.5732768149765487
STP,Sao Tome and Principe,2018,0.5600168451471723
STP,Sao Tome and Principe,2019,0.5625702907508678
STP,Sao Tome and Principe,2020,0.6780314292265763
STP,Sao Tome and Principe,2021,0.6780522491125978
STP,Sao Tome and Principe,2022,0.641346668944552
STP,Sao Tome and Principe,2023,0.643715250030103
SUR,Suriname,2013,0.5379759529503768
SUR,Suriname,2014,0.5392318139355449
SUR,Suriname,2015,0.6050162013685223
SUR,Suriname,2016,0.5918658530663208
SUR,Suriname,2017,0.5938383221017967
SUR,Suriname,2018,0.5959392584216989
SUR,Suriname,2019,0.625133082168464
SUR,Suriname,2020,0.6352859326960232
SUR,Suriname,2021,0.6567945912633905
SUR,Suriname,2022,0.6766889119559348
SUR,Suriname,2023,0.6785650373484424
SVK,Slovak Republic,2013,0.7723444043370011
SVK,Slovak Republic,2014,0.7734496237656883
SVK,Slovak Republic,2015,0.7723097698213313
SVK,Slovak Republic,2016,0.7799398356181009
SVK,Slovak Republic,2017,0.7796123409245886
SVK,Slovak Republic,2018,0.7799894060050864
SVK,Slovak Republic,2019,0.781613861751122
SVK,Slovak Republic,2020,0.7915052696124631
SVK,Slovak Republic,2021,0.7358289225933681
SVK,Slovak Republic,2022,0.7392128633067858
SVK,Slovak Republic,2023,0.7462523588919993
SVN,Slovenia,2013,0.838294657959471
SVN,Slovenia,2014,0.8563138877337383
SVN,Slovenia,2015,0.8607825159150171
SVN,Slovenia,2016,0.8624023698620807
SVN,Slovenia,2017,0.8616271478266774
SVN,Slovenia,2018,0.8055533464607192
SVN,Slovenia,2019,0.8216234358516792
SVN,Slovenia,2020,0.8329377351393866
SVN,Slovenia,2021,0.8446669324804185
SVN,Slovenia,2022,0.9088852070292941
SVN,Slovenia,2023,0.9021311918108219
SWE,Sweden,2013,0.9328736470193415
SWE,Sweden,2014,0.9486007037446871
SWE,Sweden,2015,0.9431477242567875
SWE,Sweden,2016,0.9434168688370709
SWE,Sweden,2017,0.9437132363735974
SWE,Sweden,2018,0.9566150347691296
SWE,Sweden,2019,0.9643183423035745
SWE,Sweden,2020,0.9605647530688252
SWE,Sweden,2021,0.9633380442857469
SWE,Sweden,2022,0.9605998538005087
SWE,Sweden,2023,0.9615942941862706
SWZ,Eswatini,2013,0.2898604526766426
SWZ,Eswatini,2014,0.3281390951372481
SWZ,Eswatini,2015,0.3397558194808589
SWZ,Eswatini,2016,0.349755502207873
SWZ,Eswatini,2017,0.3590777035324997
SWZ,Eswatini,2018,0.3698273862938696
SWZ,Eswatini,2019,0.376661299080436
SWZ,Eswatini,2020,0.4007670722770504
SWZ,Eswatini,2021,0.3886519375400202
SWZ,Eswatini,2022,0.43126808258212956
SWZ,Eswatini,2023,0.45252223151403376
SYC,Seychelles,2013,0.7579897928783454
SYC,Seychelles,2014,0.7625138998090506
SYC,Seychelles,2015,0.7649944580384508
SYC,Seychelles,2016,0.6607423507564674
SYC,Seychelles,2017,0.6701174727154303
SYC,Seychelles,2018,0.6653602546252204
SYC,Seychelles,2019,0.6698207544191445
SYC,Seychelles,2020,0.6971579155871852
SYC,Seychelles,2021,0.6704780195413813
SYC,Seychelles,2022,0.6746169050254215
SYC,Seychelles,2023,0.681980757024226
SYR,Syrian Arab Republic,2013,0.39228249356069705
SYR,Syrian Arab Republic,2014,0.3942667301854439
SYR,Syrian Arab Republic,2015,0.3915264356738054
SYR,Syrian Arab Republic,2016,0.4018071084279215
SYR,Syrian Arab Republic,2017,0.4026755092953913
SYR,Syrian Arab Republic,2018,0.4067299393293691
SYR,Syrian Arab Republic,2019,0.4172844622242376
SYR,Syrian Arab Republic,2020,0.43891245391590095
SYR,Syrian Arab Republic,2021,0.43919539255954276
SYR,Syrian Arab Republic,2022,0.44195278363612917
SYR,Syrian Arab Republic,2023,0.4376946442221198
TCD,Chad,2013,0.3576527968800045
TCD,Chad,2014,0.3576527968800045
TCD,Chad,2015,0.3584254772757396
TCD,Chad,2016,0.3608230145401873
TCD,Chad,2017,0.35318510646125134
TCD,Chad,2018,0.41451376335679513
TCD,Chad,2019,0.41946346286675656
TCD,Chad,2020,0.428579872805313
TCD,Chad,2021,0.5096371323093873
TCD,Chad,2022,0.49108208262736197
TCD,Chad,2023,0.4954676240716354
TGO,Togo,2013,0.5356907350052909
TGO,Togo,2014,0.579645244275338
TGO,Togo,2015,0.5826808982169787
TGO,Togo,2016,0.5975484026589672
TGO,Togo,2017,0.6006747414154718
TGO,Togo,2018,0.6030846953975207
TGO,Togo,2019,0.6009960630458107
TGO,Togo,2020,0.6132871712157071
TGO,Togo,2021,0.6144338310171296
TGO,Togo,2022,0.6080289692297584
TGO,Togo,2023,0.6161259229656343
THA,Thailand,2013,0.6479646761403586
THA,Thailand,2014,0.6043202614253038
THA,Thailand,2015,0.6063429919613333
THA,Thailand,2016,0.6087937246373096
THA,Thailand,2017,0.6056856183767019
THA,Thailand,2018,0.6105259355451813
THA,Thailand,2019,0.6635373666487416
THA,Thailand,2020,0.6780347454533282
THA,Thailand,2021,0.6796205755940987
THA,Thailand,2022,0.6670225982460009
THA,Thailand,2023,0.690363131881826
TJK,Tajikistan,2013,0.6293937336919944
TJK,Tajikistan,2014,0.6320388726711531
TJK,Tajikistan,2015,0.6417844071425847
TJK,Tajikistan,2016,0.6440559520984617
TJK,Tajikistan,2017,0.6486117838561365
TJK,Tajikistan,2018,0.6636968421512348
TJK,Tajikistan,2019,0.6629711979127995
TJK,Tajikistan,2020,0.6769750568995985
TJK,Tajikistan,2021,0.6809405084569804
TJK,Tajikistan,2022,0.7045074892350534
TJK,Tajikistan,2023,0.7060066054247149
TLS,Timor-Leste,2013,0.7094161279327952
TLS,Timor-Leste,2014,0.7252010535957851
TLS,Timor-Leste,2015,0.7284474738112077
TLS,Timor-Leste,2016,0.7312895483222971
TLS,Timor-Leste,2017,0.7051309504739585
TLS,Timor-Leste,2018,0.7152268433883845
TLS,Timor-Leste,2019,0.7675640576509858
TLS,Timor-Leste,2020,0.7686844383886124
TLS,Timor-Leste,2021,0.7656991882072728
TLS,Timor-Leste,2022,0.7791581751191963
TLS,Timor-Leste,2023,0.7685633879841245
TON,Tonga,2013,0.48755789246634107
TON,Tonga,2014,0.4706764929140629
TON,Tonga,2015,0.4839218918584556
TON,Tonga,2016,0.4845609996642233
TON,Tonga,2017,0.5210331626091979
TON,Tonga,2018,0.5202368404800733
TON,Tonga,2019,0.520760571482593
TON,Tonga,2020,0.5212153629534793
TON,Tonga,2021,0.48508557257431895
TON,Tonga,2022,0.5045380568627881
TON,Tonga,2023,0.5219969623563561
TTO,Trinidad and Tobago,2013,0.6855098988836543
TTO,Trinidad and Tobago,2014,0.6985565410737299
TTO,Trinidad and Tobago,2015,0.7099978839040488
TTO,Trinidad and Tobago,2016,0.7102430129809597
TTO,Trinidad and Tobago,2017,0.7105591117036194
TTO,Trinidad and Tobago,2018,0.7096106251697678
TTO,Trinidad and Tobago,2019,0.7103796277472804
TTO,Trinidad and Tobago,2020,0.6887838165155636
TTO,Trinidad and Tobago,2021,0.6820179361781789
TTO,Trinidad and Tobago,2022,0.6916255995801546
TTO,Trinidad and Tobago,2023,0.7023191775838671
TUN,Tunisia,2013,0.611223267040995
TUN,Tunisia,2014,0.6332410886776296
TUN,Tunisia,2015,0.6337169253390247
TUN,Tunisia,2016,0.6345935210910467
TUN,Tunisia,2017,0.6356619966102394
TUN,Tunisia,2018,0.6367153991648556
TUN,Tunisia,2019,0.6403896170598675
TUN,Tunisia,2020,0.6493019921800993
TUN,Tunisia,2021,0.6471022235829175
TUN,Tunisia,2022,0.6600184871277563
TUN,Tunisia,2023,0.6146242395538493
TUR,Turkiye,2013,0.6756891141675758
TUR,Turkiye,2014,0.6769106789977444
TUR,Turkiye,2015,0.6804867108423847
TUR,Turkiye,2016,0.6938535420980292
TUR,Turkiye,2017,0.6946246181652564
TUR,Turkiye,2018,0.710700049065996
TUR,Turkiye,2019,0.7125960546615906
TUR,Turkiye,2020,0.7085251097992669
TUR,Turkiye,2021,0.706028501505075
TUR,Turkiye,2022,0.7133570477291612
TUR,Turkiye,2023,0.723017905067053
TZA,Tanzania,2013,0.6683290082289906
TZA,Tanzania,2014,0.6709620716136467
TZA,Tanzania,2015,0.675295892016123
TZA,Tanzania,2016,0.6822872254917718
TZA,Tanzania,2017,0.6907762064868395
TZA,Tanzania,2018,0.6951054840354941
TZA,Tanzania,2019,0.6982967072767529
TZA,Tanzania,2020,0.709337317824384
TZA,Tanzania,2021,0.7076442269195473
TZA,Tanzania,2022,0.7110943688590111
TZA,Tanzania,2023,0.707259662624932
UGA,Uganda,2013,0.6127511952431886
UGA,Uganda,2014,0.6163865262361014
UGA,Uganda,2015,0.6208459118479184
UGA,Uganda,2016,0.6198766527994686
UGA,Uganda,2017,0.6290218483006232
UGA,Uganda,2018,0.6326793169908752
UGA,Uganda,2019,0.6392845926212688
UGA,Uganda,2020,0.6569477537854984
UGA,Uganda,2021,0.652085945342663
UGA,Uganda,2022,0.6596079582234184
UGA,Uganda,2023,0.7038891926019685
UKR,Ukraine,2013,0.6157833280891505
UKR,Ukraine,2014,0.6437369036829815
UKR,Ukraine,2015,0.6367695999154037
UKR,Ukraine,2016,0.6392498967545428
UKR,Ukraine,2017,0.6440312498883104
UKR,Ukraine,2018,0.6440061243347615
UKR,Ukraine,2019,0.7005406650665689
UKR,Ukraine,2020,0.699682664248197
UKR,Ukraine,2021,0.6927846682141603
UKR,Ukraine,2022,0.7290676215135761
UKR,Ukraine,2023,0.7320938233996002
URY,Uruguay,2013,0.6725575760050188
URY,Uruguay,2014,0.678971923219372
URY,Uruguay,2015,0.7069221910014467
URY,Uruguay,2016,0.7089287245008071
URY,Uruguay,2017,0.7313382561164801
URY,Uruguay,2018,0.7342119983621576
URY,Uruguay,2019,0.7464510806512707
URY,Uruguay,2020,0.7600741263112889
URY,Uruguay,2021,0.7631032730224963
URY,Uruguay,2022,0.773850468027122
URY,Uruguay,2023,0.7848251154094861
USA,United States,2013,0.7197111264969526
USA,United States,2014,0.7279229784926935
USA,United States,2015,0.7284901612179737
USA,United States,2016,0.7278296258398218
USA,United States,2017,0.7293150664072054
USA,United States,2018,0.7497328060135016
USA,United States,2019,0.7879356906116455
USA,United States,2020,0.8010264415483865
USA,United States,2021,0.7993940265069891
USA,United States,2022,0.8088213277434948
USA,United States,2023,0.8138988383282791
UZB,Uzbekistan,2013,0.6125460589327608
UZB,Uzbekistan,2014,0.613372637212607
UZB,Uzbekistan,2015,0.5867469902991759
UZB,Uzbekistan,2016,0.5886474920243092
UZB,Uzbekistan,2017,0.5902897431073484
UZB,Uzbekistan,2018,0.5911949827000806
UZB,Uzbekistan,2019,0.5916780682819203
UZB,Uzbekistan,2020,0.68009587017834
UZB,Uzbekistan,2021,0.695556714494335
UZB,Uzbekistan,2022,0.7000376752766544
UZB,Uzbekistan,2023,0.701909649278986
VCT,St. Vincent and the Grenadines,2013,0.5707764200394487
VCT,St. Vincent and the Grenadines,2014,0.5722589192178615
VCT,St. Vincent and the Grenadines,2015,0.5745402279274618
VCT,St. Vincent and the Grenadines,2016,0.5752565444173168
VCT,St. Vincent and the Grenadines,2017,0.5774334948514995
VCT,St. Vincent and the Grenadines,2018,0.578220195858501
VCT,St. Vincent and the Grenadines,2019,0.5782362946472422
VCT,St. Vincent and the Grenadines,2020,0.601809453633223
VCT,St. Vincent and the Grenadines,2021,0.5972668373128143
VCT,St. Vincent and the Grenadines,2022,0.6071740120762954
VCT,St. Vincent and the Grenadines,2023,0.6077789702786953
VEN,"Venezuela, RB",2013,0.6592625497407049
VEN,"Venezuela, RB",2014,0.6590061285204346
VEN,"Venezuela, RB",2015,0.6730646030641444
VEN,"Venezuela, RB",2016,0.657921277877151
VEN,"Venezuela, RB",2017,0.6931884983990702
VEN,"Venezuela, RB",2018,0.6961594148677174
VEN,"Venezuela, RB",2019,0.6971926691270722
VEN,"Venezuela, RB",2020,0.6960951762511034
VEN,"Venezuela, RB",2021,0.6904113364280102
VEN,"Venezuela, RB",2022,0.7584528818605895
VEN,"Venezuela, RB",2023,0.757012681863833
VNM,Vietnam,2013,0.6595305601210494
VNM,Vietnam,2014,0.7056756490625183
VNM,Vietnam,2015,0.6906356426840758
VNM,Vietnam,2016,0.7032980336129819
VNM,Vietnam,2017,0.7321810055362421
VNM,Vietnam,2018,0.733452268422834
VNM,Vietnam,2019,0.7339859600505629
VNM,Vietnam,2020,0.738852092773322
VNM,Vietnam,2021,0.7660145459598697
VNM,Vietnam,2022,0.7833275596877534
VNM,Vietnam,2023,0.7837829058581209
VUT,Vanuatu,2013,0.43848130380952977
VUT,Vanuatu,2014,0.43866095316555254
VUT,Vanuatu,2015,0.43944510003987547
VUT,Vanuatu,2016,0.440656655514189
VUT,Vanuatu,2017,0.441256964918855
VUT,Vanuatu,2018,0.44207844651529066
VUT,Vanuatu,2019,0.4432913797116579
VUT,Vanuatu,2020,0.4427555773564664
VUT,Vanuatu,2021,0.4397734584569611
VUT,Vanuatu,2022,0.4553707726836343
VUT,Vanuatu,2023,0.45667817694517343
WSM,Samoa,2013,0.4528092288900695
WSM,Samoa,2014,0.5770986568668687
WSM,Samoa,2015,0.5768289340589932
WSM,Samoa,2016,0.5955072868639604
WSM,Samoa,2017,0.5953745841297838
WSM,Samoa,2018,0.595549043496691
WSM,Samoa,2019,0.5927671053274168
WSM,Samoa,2020,0.5953630973642271
WSM,Samoa,2021,0.5866523088383344
WSM,Samoa,2022,0.6128591857112311
WSM,Samoa,2023,0.6141253147137761
YEM,"Yemen, Rep.",2013,0.2868094300553441
YEM,"Yemen, Rep.",2014,0.2871084541982481
YEM,"Yemen, Rep.",2015,0.282522938408761
YEM,"Yemen, Rep.",2016,0.2836393592423818
YEM,"Yemen, Rep.",2017,0.2833149477402661
YEM,"Yemen, Rep.",2018,0.28088557405882625
YEM,"Yemen, Rep.",2019,0.28407959532790417
YEM,"Yemen, Rep.",2020,0.283008985425917
YEM,"Yemen, Rep.",2021,0.27814419757604647
YEM,"Yemen, Rep.",2022,0.2856667827106265
YEM,"Yemen, Rep.",2023,0.29045131813516467
ZAF,South Africa,2013,0.740338157746103
ZAF,South Africa,2014,0.7389792356267384
ZAF,South Africa,2015,0.7773736611553594
ZAF,South Africa,2016,0.7833198781116448
ZAF,South Africa,2017,0.787632304299085
ZAF,South Africa,2018,0.7952186230048819
ZAF,South Africa,2019,0.8132279702637225
ZAF,South Africa,2020,0.8117140241685963
ZAF,South Africa,2021,0.7943775715738978
ZAF,South Africa,2022,0.812442190520754
ZAF,South Africa,2023,0.8125061636223854
ZMB,Zambia,2013,0.46137845221434204
ZMB,Zambia,2014,0.46364918812250766
ZMB,Zambia,2015,0.47675521174920443
ZMB,Zambia,2016,0.5033945439779054
ZMB,Zambia,2017,0.5849431385557848
ZMB,Zambia,2018,0.5893341681116575
ZMB,Zambia,2019,0.5938944362398364
ZMB,Zambia,2020,0.6036306614408973
ZMB,Zambia,2021,0.5901179168029991
ZMB,Zambia,2022,0.6043832221419119
ZMB,Zambia,2023,0.6085794950414695
ZWE,Zimbabwe,2013,0.6538940140913393
ZWE,Zimbabwe,2014,0.6630761663380506
ZWE,Zimbabwe,2015,0.670064198252023
ZWE,Zimbabwe,2016,0.6749370065711244
ZWE,Zimbabwe,2017,0.6841821395922179
ZWE,Zimbabwe,2018,0.6819395986410981
ZWE,Zimbabwe,2019,0.6843855744942318
ZWE,Zimbabwe,2020,0.686985080945042
ZWE,Zimbabwe,2021,0.6776038711322061
ZWE,Zimbabwe,2022,0.6844701120375642
ZWE,Zimbabwe,2023,0.6878149001278707
